,antecedents,consequents,antecedent support,consequent support,support,confidence,lift,leverage,conviction
0,frozenset({'3kg Valencia Oranges'}),frozenset({'Banana Cavendish'}),0.010237951310655602,0.20284112765840523,0.003451118316205968,0.3370907139023081,1.6618459865298423,0.001374440727440738,1.2025157726092235
1,frozenset({'Banana Cavendish'}),frozenset({'3kg Valencia Oranges'}),0.20284112765840523,0.010237951310655602,0.003451118316205968,0.017013898295900953,1.6618459865298425,0.001374440727440738,1.006893227659576
2,frozenset({'Apples Fuji'}),frozenset({'Banana Cavendish'}),0.01974501291421663,0.20284112765840523,0.005654778260152773,0.2863902031728361,1.4118941581469204,0.001649677575003298,1.1170794962259556
3,frozenset({'Banana Cavendish'}),frozenset({'Apples Fuji'}),0.20284112765840523,0.01974501291421663,0.005654778260152773,0.02787786838611796,1.4118941581469204,0.001649677575003298,1.0083660840622972
4,frozenset({'Apples Fuji'}),frozenset({'Mandarin Imperial'}),0.01974501291421663,0.04346320822113535,0.002022311370006045,0.1024213748956304,2.3565074712046865,0.0011641297623864412,1.065685796236112
5,frozenset({'Mandarin Imperial'}),frozenset({'Apples Fuji'}),0.04346320822113535,0.01974501291421663,0.002022311370006045,0.046529270451384504,2.3565074712046865,0.0011641297623864412,1.0280913264635276
6,frozenset({'Apples Granny Smith'}),frozenset({'Banana Cavendish'}),0.021855250865527285,0.20284112765840523,0.007017640270374237,0.3210963037465426,1.582994077450038,0.002584496539553346,1.1741854945564898
7,frozenset({'Banana Cavendish'}),frozenset({'Apples Granny Smith'}),0.20284112765840523,0.021855250865527285,0.007017640270374237,0.03459673268131451,1.582994077450038,0.002584496539553346,1.0131980927008621
8,frozenset({'Apples Granny Smith'}),frozenset({'Pear Packham'}),0.021855250865527285,0.03493432983458812,0.0020772654833214267,0.09504651747548404,2.720719645275103,0.001313766940967429,1.0664257211024848
9,frozenset({'Pear Packham'}),frozenset({'Apples Granny Smith'}),0.03493432983458812,0.021855250865527285,0.0020772654833214267,0.05946201038225578,2.720719645275103,0.001313766940967429,1.0399843067817098
10,frozenset({'Banana Cavendish'}),frozenset({'Apples Pink Lady'}),0.20284112765840523,0.03637412760345112,0.014595812496565368,0.071956869225976,1.9782431625700032,0.007217643435890618,1.0383416895644144
11,frozenset({'Apples Pink Lady'}),frozenset({'Banana Cavendish'}),0.03637412760345112,0.20284112765840523,0.014595812496565368,0.4012690738782293,1.9782431625700032,0.007217643435890618,1.3314142255939982
12,frozenset({'Carrots 1kg'}),frozenset({'Apples Pink Lady'}),0.0375666318623949,0.03637412760345112,0.0024399626312029453,0.06495026331187828,1.785617074310695,0.0010735091702083206,1.030561086311453
13,frozenset({'Apples Pink Lady'}),frozenset({'Carrots 1kg'}),0.03637412760345112,0.0375666318623949,0.0024399626312029453,0.06707961927783652,1.7856170743106952,0.0010735091702083206,1.0316350548506572
14,frozenset({'Cucumber continental'}),frozenset({'Apples Pink Lady'}),0.04525471231521679,0.03637412760345112,0.002533384623839094,0.05598057073466909,1.5390216734533515,0.0008872839434279276,1.0207691097485954
15,frozenset({'Apples Pink Lady'}),frozenset({'Cucumber continental'}),0.03637412760345112,0.04525471231521679,0.002533384623839094,0.06964798307901494,1.5390216734533515,0.0008872839434279276,1.026219399023316
16,frozenset({'Field Tomatoes'}),frozenset({'Apples Pink Lady'}),0.06430180799032807,0.03637412760345112,0.0034676045502005826,0.05392701478506111,1.482565173052964,0.0011286823812277766,1.0185534176072284
17,frozenset({'Apples Pink Lady'}),frozenset({'Field Tomatoes'}),0.03637412760345112,0.06430180799032807,0.0034676045502005826,0.0953316210907992,1.482565173052964,0.0011286823812277766,1.0342996547949264
18,frozenset({'Lettuce Iceberg'}),frozenset({'Apples Pink Lady'}),0.049392757047865034,0.03637412760345112,0.002593834148486014,0.052514463729416996,1.4437312229705408,0.0007972157009407115,1.0170349155824543
19,frozenset({'Apples Pink Lady'}),frozenset({'Lettuce Iceberg'}),0.03637412760345112,0.049392757047865034,0.002593834148486014,0.07130986553860098,1.4437312229705408,0.0007972157009407115,1.023600022954316
20,frozenset({'Mandarin Imperial'}),frozenset({'Apples Pink Lady'}),0.04346320822113535,0.03637412760345112,0.003049953289003682,0.07017322038184347,1.9292069667448337,0.0014690170071127388,1.0363498809878031
21,frozenset({'Apples Pink Lady'}),frozenset({'Mandarin Imperial'}),0.03637412760345112,0.04346320822113535,0.003049953289003682,0.08384952409729565,1.929206966744834,0.0014690170071127388,1.0440826228206308
22,frozenset({'Orange navel'}),frozenset({'Apples Pink Lady'}),0.031016101555201406,0.03637412760345112,0.002687256141122163,0.08664068036853295,2.3819315012331077,0.001559072505391668,1.0550348057819827
23,frozenset({'Apples Pink Lady'}),frozenset({'Orange navel'}),0.03637412760345112,0.031016101555201406,0.002687256141122163,0.07387822933977942,2.3819315012331077,0.001559072505391668,1.0462813089406398
24,frozenset({'Pear Packham'}),frozenset({'Apples Pink Lady'}),0.03493432983458812,0.03637412760345112,0.004176512611969006,0.11955324838760421,3.286766068755452,0.002905806840824648,1.0944737664507522
25,frozenset({'Apples Pink Lady'}),frozenset({'Pear Packham'}),0.03637412760345112,0.03493432983458812,0.004176512611969006,0.1148209699350355,3.286766068755452,0.002905806840824648,1.090249133098628
26,frozenset({'Pumpkin Japanese/Kent'}),frozenset({'Apples Pink Lady'}),0.040281365060174754,0.03637412760345112,0.002148705830631423,0.053342428376534794,1.4664936835893694,0.0006835063178914288,1.0179244335879383
27,frozenset({'Apples Pink Lady'}),frozenset({'Pumpkin Japanese/Kent'}),0.03637412760345112,0.040281365060174754,0.002148705830631423,0.05907236742710379,1.4664936835893694,0.0006835063178914288,1.0199707200813588
28,frozenset({'Watermelon seedless'}),frozenset({'Apples Pink Lady'}),0.07010496235643238,0.03637412760345112,0.002698246963785239,0.03848867288547464,1.0581332232920109,0.0001482401173972304,1.0021991891539845
29,frozenset({'Apples Pink Lady'}),frozenset({'Watermelon seedless'}),0.03637412760345112,0.07010496235643238,0.002698246963785239,0.07418038978697687,1.0581332232920109,0.0001482401173972304,1.004401967063116
30,frozenset({'Apples Red Delicious'}),frozenset({'Banana Cavendish'}),0.007517722701544211,0.20284112765840523,0.0031378798703082925,0.41739766081871343,2.0577565587272435,0.0016129765201038722,1.3682726943077812
31,frozenset({'Banana Cavendish'}),frozenset({'Apples Red Delicious'}),0.20284112765840523,0.007517722701544211,0.0031378798703082925,0.015469643195795291,2.0577565587272435,0.0016129765201038722,1.0080768667408724
32,frozenset({'Apples Royal Gala'}),frozenset({'Banana Cavendish'}),0.024014947518821782,0.20284112765840523,0.009336703852283343,0.3887871853546911,1.916707868087918,0.004465484816908112,1.3042247368524034
33,frozenset({'Banana Cavendish'}),frozenset({'Apples Royal Gala'}),0.20284112765840523,0.024014947518821782,0.009336703852283343,0.04602963886104413,1.9167078680879177,0.004465484816908112,1.0230769133287734
34,frozenset({'Field Tomatoes'}),frozenset({'Apples Royal Gala'}),0.06430180799032807,0.024014947518821782,0.0023300544045721824,0.036236219126570386,1.5089026989615593,0.0007858498603190987,1.0126807749474387
35,frozenset({'Apples Royal Gala'}),frozenset({'Field Tomatoes'}),0.024014947518821782,0.06430180799032807,0.0023300544045721824,0.09702517162471397,1.508902698961559,0.0007858498603190987,1.036239508130326
36,frozenset({'Mandarin Imperial'}),frozenset({'Apples Royal Gala'}),0.04346320822113535,0.024014947518821782,0.002692751552453701,0.061954735111897835,2.5798405373711786,0.0016489848880235122,1.0404455829725892
37,frozenset({'Apples Royal Gala'}),frozenset({'Mandarin Imperial'}),0.024014947518821782,0.04346320822113535,0.002692751552453701,0.11212814645308924,2.5798405373711786,0.0016489848880235122,1.0773365412560925
38,frozenset({'Apples Royal Gala'}),frozenset({'Pear Packham'}),0.024014947518821782,0.03493432983458812,0.002797164367752926,0.11647597254004577,3.3341407461242927,0.0019582182701700823,1.0922913697546879
39,frozenset({'Pear Packham'}),frozenset({'Apples Royal Gala'}),0.03493432983458812,0.024014947518821782,0.002797164367752926,0.08006921503854018,3.3341407461242927,0.0019582182701700823,1.0609331358794203
40,frozenset({'Avocado Hass Large'}),frozenset({'Banana Cavendish'}),0.011249106995658625,0.20284112765840523,0.0031378798703082925,0.2789447972642892,1.3751885551240202,0.0008560983221588422,1.105544858863987
41,frozenset({'Banana Cavendish'}),frozenset({'Avocado Hass Large'}),0.20284112765840523,0.011249106995658625,0.0031378798703082925,0.015469643195795291,1.3751885551240202,0.0008560983221588422,1.0042868522752681
42,frozenset({'Banana Cavendish'}),frozenset({'Avocado Hass Medium'}),0.20284112765840523,0.01717316041105677,0.005418475572896631,0.02671290401235404,1.5555030858009806,0.0019350523496591944,1.0098015720547664
43,frozenset({'Avocado Hass Medium'}),frozenset({'Banana Cavendish'}),0.01717316041105677,0.20284112765840523,0.005418475572896631,0.31551999999999997,1.5555030858009806,0.0019350523496591944,1.1646196709057894
44,frozenset({'Berries Strawberry (large)'}),frozenset({'Banana Cavendish'}),0.010864428202450954,0.20284112765840523,0.003511567840852888,0.3232169954476479,1.5934490168678306,0.0013078149729039558,1.177864791195316
45,frozenset({'Banana Cavendish'}),frozenset({'Berries Strawberry (large)'}),0.20284112765840523,0.010864428202450954,0.003511567840852888,0.017311912438026607,1.5934490168678308,0.0013078149729039558,1.0065610688856235
46,frozenset({'Berries Strawberry (medium)'}),frozenset({'Banana Cavendish'}),0.023619277902951034,0.20284112765840523,0.00860031873385723,0.3641228478362029,1.7951135060213443,0.0038093577695453885,1.253636602021286
47,frozenset({'Banana Cavendish'}),frozenset({'Berries Strawberry (medium)'}),0.20284112765840523,0.023619277902951034,0.00860031873385723,0.0423992847660589,1.7951135060213443,0.0038093577695453885,1.0196115213411467
48,frozenset({'Broccoli'}),frozenset({'Banana Cavendish'}),0.01786008682749904,0.20284112765840523,0.005088750893004341,0.2849230769230769,1.4046612746252418,0.001465990740837407,1.1147875796515416
49,frozenset({'Banana Cavendish'}),frozenset({'Broccoli'}),0.20284112765840523,0.01786008682749904,0.005088750893004341,0.025087372328032292,1.4046612746252418,0.001465990740837407,1.0074132648356309
50,frozenset({'Capsicum red'}),frozenset({'Banana Cavendish'}),0.013381326592295434,0.20284112765840523,0.003319228444249052,0.24804928131416837,1.222874691033546,0.0006049450687024413,1.0601211655662388
51,frozenset({'Banana Cavendish'}),frozenset({'Capsicum red'}),0.20284112765840523,0.013381326592295434,0.003319228444249052,0.016363685622172254,1.2228746910335462,0.0006049450687024413,1.0030319732875694
52,frozenset({'Carrots'}),frozenset({'Banana Cavendish'}),0.013112051437050062,0.20284112765840523,0.0038632741660713306,0.2946353730092205,1.452542570683207,0.0012036108666650834,1.1301372961420353
53,frozenset({'Banana Cavendish'}),frozenset({'Carrots'}),0.20284112765840523,0.013112051437050062,0.0038632741660713306,0.019045812901303135,1.452542570683207,0.0012036108666650834,1.0060489689959966
54,frozenset({'Carrots 1kg'}),frozenset({'Banana Cavendish'}),0.0375666318623949,0.20284112765840523,0.011908556355443205,0.31699824458747805,1.5627907823571126,0.004288498386146847,1.167140297992534
55,frozenset({'Banana Cavendish'}),frozenset({'Carrots 1kg'}),0.20284112765840523,0.0375666318623949,0.011908556355443205,0.05870878599875376,1.5627907823571126,0.004288498386146847,1.0224608004641704
56,frozenset({'Cauliflower'}),frozenset({'Banana Cavendish'}),0.02663076331263395,0.20284112765840523,0.007402319063581909,0.2779612051176228,1.3703394786175889,0.0020005050028431507,1.1040388383444895
57,frozenset({'Banana Cavendish'}),frozenset({'Cauliflower'}),0.20284112765840523,0.02663076331263395,0.007402319063581909,0.036493186313023215,1.3703394786175886,0.0020005050028431507,1.0102359660152787
58,frozenset({'Cauliflower half'}),frozenset({'Banana Cavendish'}),0.012518547013243942,0.20284112765840523,0.0032422926856075177,0.2589991220368744,1.2768570409105697,0.0007030164927963557,1.0757866772477207
59,frozenset({'Banana Cavendish'}),frozenset({'Cauliflower half'}),0.20284112765840523,0.012518547013243942,0.0032422926856075177,0.015984394895830513,1.27685704091057,0.0007030164927963557,1.0035221472755198
60,frozenset({'Celery'}),frozenset({'Banana Cavendish'}),0.025861405726218607,0.20284112765840523,0.006011979996702753,0.23246918827029325,1.146065351508907,0.0007662232963650331,1.0386017866111699
61,frozenset({'Banana Cavendish'}),frozenset({'Celery'}),0.20284112765840523,0.025861405726218607,0.006011979996702753,0.029638861044133186,1.146065351508907,0.0007662232963650331,1.003892834498689
62,frozenset({'Celery half'}),frozenset({'Banana Cavendish'}),0.017151178765730614,0.20284112765840523,0.004297411661262846,0.25056071771867994,1.2352559888181893,0.0008184472197511534,1.0636737240607599
63,frozenset({'Banana Cavendish'}),frozenset({'Celery half'}),0.20284112765840523,0.017151178765730614,0.004297411661262846,0.021186096285660105,1.2352559888181895,0.0008184472197511534,1.0041222519465836
64,frozenset({'Crimson Grapes'}),frozenset({'Banana Cavendish'}),0.01890421498049129,0.20284112765840523,0.00566027367148431,0.29941860465116277,1.4761237432844434,0.0018257213873445399,1.1378533281556373
65,frozenset({'Banana Cavendish'}),frozenset({'Crimson Grapes'}),0.20284112765840523,0.01890421498049129,0.00566027367148431,0.027904960580856654,1.4761237432844432,0.0018257213873445399,1.0092591210070814
66,frozenset({'Cucumber Lebanese'}),frozenset({'Banana Cavendish'}),0.01860196735725669,0.20284112765840523,0.00509424630433588,0.2738552437223043,1.3500972257632606,0.0013210022689250883,1.0977960874191612
67,frozenset({'Banana Cavendish'}),frozenset({'Cucumber Lebanese'}),0.20284112765840523,0.01860196735725669,0.00509424630433588,0.02511446452277099,1.3500972257632606,0.0013210022689250883,1.0066802685325782
68,frozenset({'Cucumber continental'}),frozenset({'Banana Cavendish'}),0.04525471231521679,0.20284112765840523,0.012694400175853163,0.28051001821493626,1.382905042252227,0.0035148832979778714,1.1079499263684445
69,frozenset({'Banana Cavendish'}),frozenset({'Cucumber continental'}),0.20284112765840523,0.04525471231521679,0.012694400175853163,0.06258296984638725,1.3829050422522269,0.0035148832979778714,1.018485110653826
70,frozenset({'Banana Cavendish'}),frozenset({'Egg freerang 700'}),0.20284112765840523,0.007957355608067264,0.0020992471286475794,0.01034921839018179,1.3005851315341024,0.00048516814392828077,1.0024168755550555
71,frozenset({'Egg freerang 700'}),frozenset({'Banana Cavendish'}),0.007957355608067264,0.20284112765840523,0.0020992471286475794,0.2638121546961326,1.3005851315341024,0.00048516814392828077,1.082819931661003
72,frozenset({'Eggplant'}),frozenset({'Banana Cavendish'}),0.022932351486508764,0.20284112765840523,0.005132714183656646,0.22381979391325185,1.1034241255559167,0.0004810901482743034,1.0270280871508104
73,frozenset({'Banana Cavendish'}),frozenset({'Eggplant'}),0.20284112765840523,0.022932351486508764,0.005132714183656646,0.02530410988594186,1.1034241255559167,0.0004810901482743034,1.0024333316919554
74,frozenset({'Eggs 700g'}),frozenset({'Banana Cavendish'}),0.034252898829477386,0.20284112765840523,0.008039786778040337,0.23471843414086319,1.157154058698298,0.0010918901538998754,1.0416543503784403
75,frozenset({'Banana Cavendish'}),frozenset({'Eggs 700g'}),0.20284112765840523,0.034252898829477386,0.008039786778040337,0.03963588090271193,1.1571540586982978,0.0010918901538998754,1.005605147012671
76,frozenset({'Field Tomatoes'}),frozenset({'Banana Cavendish'}),0.06430180799032807,0.20284112765840523,0.017535857558938286,0.2727117340398257,1.344459761134271,0.004492806315705889,1.0960700311714455
77,frozenset({'Banana Cavendish'}),frozenset({'Field Tomatoes'}),0.20284112765840523,0.06430180799032807,0.017535857558938286,0.08645119341117824,1.344459761134271,0.004492806315705889,1.0242454319474794
78,frozenset({'Garlic Chinese 500g'}),frozenset({'Banana Cavendish'}),0.017541352970269826,0.20284112765840523,0.003681925592130571,0.2098997493734336,1.0347987698378183,0.00012381777498692362,1.0089338304973714
79,frozenset({'Banana Cavendish'}),frozenset({'Garlic Chinese 500g'}),0.20284112765840523,0.017541352970269826,0.003681925592130571,0.018151770474926176,1.0347987698378183,0.00012381777498692362,1.0006217025058461
80,frozenset({'Grapes black'}),frozenset({'Banana Cavendish'}),0.023415947683684123,0.20284112765840523,0.005555860856185086,0.23726824689040132,1.169724550585092,0.0008061436228363767,1.0451366015530876
81,frozenset({'Banana Cavendish'}),frozenset({'Grapes black'}),0.20284112765840523,0.023415947683684123,0.005555860856185086,0.027390208880821436,1.169724550585092,0.0008061436228363767,1.0040861825918532
82,frozenset({'Grapes white Seedless'}),frozenset({'Banana Cavendish'}),0.016870912787822167,0.20284112765840523,0.00491289773039512,0.29120521172638436,1.4356319898634597,0.0014907827558866622,1.124668078165761
83,frozenset({'Banana Cavendish'}),frozenset({'Grapes white Seedless'}),0.20284112765840523,0.016870912787822167,0.00491289773039512,0.024220422096394027,1.4356319898634597,0.0014907827558866622,1.0075319359771413
84,frozenset({'Kensington Pride Mango'}),frozenset({'Banana Cavendish'}),0.006363686321921196,0.20284112765840523,0.002253118645930648,0.35405872193436966,1.745497700696195,0.0009623013363277836,1.2341042435448752
85,frozenset({'Banana Cavendish'}),frozenset({'Kensington Pride Mango'}),0.20284112765840523,0.006363686321921196,0.002253118645930648,0.011107799842865272,1.7454977006961947,0.0009623013363277836,1.004797402103273
86,frozenset({'Kiwi fruit Green'}),frozenset({'Banana Cavendish'}),0.0067813375831180965,0.20284112765840523,0.002659779084464472,0.3922204213938411,1.9336336073538314,0.001284244922072473,1.3115920646260373
87,frozenset({'Banana Cavendish'}),frozenset({'Kiwi fruit Green'}),0.20284112765840523,0.0067813375831180965,0.002659779084464472,0.013112622253528758,1.9336336073538314,0.001284244922072473,1.0064154074853688
88,frozenset({'Leek'}),frozenset({'Banana Cavendish'}),0.027224267736440072,0.20284112765840523,0.005929548826729681,0.21780379491320148,1.0737654509592065,0.00040734765939583716,1.0191290460852285
89,frozenset({'Banana Cavendish'}),frozenset({'Leek'}),0.20284112765840523,0.027224267736440072,0.005929548826729681,0.02923247812305275,1.0737654509592065,0.00040734765939583716,1.0020686831206815
90,frozenset({'Lettuce Iceberg'}),frozenset({'Banana Cavendish'}),0.049392757047865034,0.20284112765840523,0.012100895752047041,0.24499332443257676,1.2078089254421716,0.0020820132143004547,1.0558302305638454
91,frozenset({'Banana Cavendish'}),frozenset({'Lettuce Iceberg'}),0.20284112765840523,0.049392757047865034,0.012100895752047041,0.05965701281460811,1.2078089254421716,0.0020820132143004547,1.010915438203528
92,frozenset({'Mandarin Imperial'}),frozenset({'Banana Cavendish'}),0.04346320822113535,0.20284112765840523,0.015238775622355333,0.3506132254393729,1.7285115177915171,0.00642264945512817,1.2275563709792978
93,frozenset({'Banana Cavendish'}),frozenset({'Mandarin Imperial'}),0.20284112765840523,0.04346320822113535,0.015238775622355333,0.0751266560104034,1.728511517791517,0.00642264945512817,1.0342354420689457
94,frozenset({'Nectarine White'}),frozenset({'Banana Cavendish'}),0.024520525361323296,0.20284112765840523,0.007517722701544211,0.3065889735544599,1.5114734230366305,0.0025439516864768693,1.1496195502224291
95,frozenset({'Banana Cavendish'}),frozenset({'Nectarine White'}),0.20284112765840523,0.024520525361323296,0.007517722701544211,0.037062122402535834,1.5114734230366305,0.0025439516864768693,1.0130243054437778
96,frozenset({'Nectarine Yellow'}),frozenset({'Banana Cavendish'}),0.01476617024784305,0.20284112765840523,0.00491289773039512,0.3327130628954224,1.6402643129441092,0.0019177111061266425,1.1946268209603264
97,frozenset({'Banana Cavendish'}),frozenset({'Nectarine Yellow'}),0.20284112765840523,0.01476617024784305,0.00491289773039512,0.024220422096394027,1.6402643129441092,0.0019177111061266425,1.0096889216198424
98,frozenset({'Onion brown'}),frozenset({'Banana Cavendish'}),0.01845359125130516,0.20284112765840523,0.004473264823872067,0.2424061941631924,1.1950544594260821,0.0007301175651100475,1.0522246436018379
99,frozenset({'Banana Cavendish'}),frozenset({'Onion brown'}),0.20284112765840523,0.01845359125130516,0.004473264823872067,0.022053046517298367,1.1950544594260821,0.0007301175651100475,1.0036806242436511
100,frozenset({'Onion red'}),frozenset({'Banana Cavendish'}),0.008633291201846457,0.20284112765840523,0.002016815958674507,0.233609166136219,1.151685404399983,0.0002656294358885829,1.0401466681467155
101,frozenset({'Banana Cavendish'}),frozenset({'Onion red'}),0.20284112765840523,0.008633291201846457,0.002016815958674507,0.009942835469101352,1.151685404399983,0.0002656294358885829,1.0013226956121017
102,frozenset({'Orange navel'}),frozenset({'Banana Cavendish'}),0.031016101555201406,0.20284112765840523,0.009512557014892564,0.3066973777462792,1.5120078520899034,0.0032212159998678946,1.1497993037301202
103,frozenset({'Banana Cavendish'}),frozenset({'Orange navel'}),0.20284112765840523,0.031016101555201406,0.009512557014892564,0.0468965890926824,1.5120078520899036,0.0032212159998678946,1.0166618725268892
104,frozenset({'Orange valencia'}),frozenset({'Banana Cavendish'}),0.007050612738363466,0.20284112765840523,0.0022915865252514152,0.32501948558067034,1.6023352331585323,0.0008614322867190533,1.1810102000164735
105,frozenset({'Banana Cavendish'}),frozenset({'Orange valencia'}),0.20284112765840523,0.007050612738363466,0.0022915865252514152,0.011297445206036143,1.6023352331585323,0.0008614322867190533,1.0042953590511938
106,frozenset({'Papaya Red'}),frozenset({'Banana Cavendish'}),0.0144419409792823,0.20284112765840523,0.0043358795405836125,0.3002283105022831,1.480115566148315,0.001406459946769858,1.1391699382891307
107,frozenset({'Banana Cavendish'}),frozenset({'Papaya Red'}),0.20284112765840523,0.0144419409792823,0.0043358795405836125,0.021375741648830972,1.480115566148315,0.001406459946769858,1.007085253211719
108,frozenset({'Peaches Yellow'}),frozenset({'Banana Cavendish'}),0.011012804308402483,0.20284112765840523,0.0030994119909875254,0.281437125748503,1.3874756514983362,0.000865562346389822,1.1093794306753861
109,frozenset({'Banana Cavendish'}),frozenset({'Peaches Yellow'}),0.20284112765840523,0.011012804308402483,0.0030994119909875254,0.01527999783262442,1.3874756514983364,0.000865562346389822,1.0043334079889004
110,frozenset({'Pear Packham'}),frozenset({'Banana Cavendish'}),0.03493432983458812,0.20284112765840523,0.013881409023465406,0.3973572439830108,1.9589579715420464,0.0067952901658268824,1.3227718484665931
111,frozenset({'Banana Cavendish'}),frozenset({'Pear Packham'}),0.20284112765840523,0.03493432983458812,0.013881409023465406,0.06843488390994554,1.9589579715420464,0.0067952901658268824,1.0359615806740008
112,frozenset({'Pears brown bosc'}),frozenset({'Banana Cavendish'}),0.007858438204099576,0.20284112765840523,0.0025168983898444797,0.3202797202797203,1.5789683481699412,0.0009228839228910288,1.1727748842062558
113,frozenset({'Banana Cavendish'}),frozenset({'Pears brown bosc'}),0.20284112765840523,0.007858438204099576,0.0025168983898444797,0.012408225190322668,1.5789683481699412,0.0009228839228910288,1.0046069510725724
114,frozenset({'Pineapple'}),frozenset({'Banana Cavendish'}),0.009814804638127164,0.20284112765840523,0.002791668956421388,0.2844344904815229,1.402252559749742,0.0008008229158767283,1.1140264053224478
115,frozenset({'Banana Cavendish'}),frozenset({'Pineapple'}),0.20284112765840523,0.009814804638127164,0.002791668956421388,0.013762834927257456,1.4022525597497422,0.0008008229158767283,1.0040031246326426
116,frozenset({'Pink lady kids pack 1kg'}),frozenset({'Banana Cavendish'}),0.007253942957630379,0.20284112765840523,0.0025168983898444797,0.34696969696969693,1.7105490438507693,0.0010455004203489863,1.2207073219152031
117,frozenset({'Banana Cavendish'}),frozenset({'Pink lady kids pack 1kg'}),0.20284112765840523,0.007253942957630379,0.0025168983898444797,0.012408225190322668,1.7105490438507696,0.0010455004203489863,1.0052190412720738
118,frozenset({'Potato Desiree'}),frozenset({'Banana Cavendish'}),0.023047755124471065,0.20284112765840523,0.005627301203495081,0.2441583214115403,1.203692388373601,0.0009522685640525825,1.0546638203787535
119,frozenset({'Banana Cavendish'}),frozenset({'Potato Desiree'}),0.20284112765840523,0.023047755124471065,0.005627301203495081,0.02774240741242448,1.203692388373601,0.0009522685640525825,1.0048286095410774
120,frozenset({'Potato brushed'}),frozenset({'Banana Cavendish'}),0.031659064680991375,0.20284112765840523,0.006907732043743474,0.21819128623502862,1.0756757702632862,0.00048597166324079386,1.019634161536396
121,frozenset({'Banana Cavendish'}),frozenset({'Potato brushed'}),0.20284112765840523,0.031659064680991375,0.006907732043743474,0.034054888786540595,1.0756757702632862,0.00048597166324079386,1.0024802901093828
122,frozenset({'Potato sweet Gold'}),frozenset({'Banana Cavendish'}),0.029675221190306095,0.20284112765840523,0.00794086937407265,0.2675925925925926,1.3192225643866078,0.001921514044318359,1.0884090798090043
123,frozenset({'Banana Cavendish'}),frozenset({'Potato sweet Gold'}),0.20284112765840523,0.029675221190306095,0.00794086937407265,0.0391482213974154,1.3192225643866076,0.001921514044318359,1.0098589609948856
124,frozenset({'Potato washed'}),frozenset({'Banana Cavendish'}),0.02519646095510249,0.20284112765840523,0.006479089959883497,0.2571428571428571,1.2677057168401211,0.0013682114067495293,1.0730984819983007
125,frozenset({'Banana Cavendish'}),frozenset({'Potato washed'}),0.20284112765840523,0.02519646095510249,0.006479089959883497,0.03194169759692232,1.267705716840121,0.0013682114067495293,1.0069678000024127
126,frozenset({'Pumpkin Butternut'}),frozenset({'Banana Cavendish'}),0.022772984557894158,0.20284112765840523,0.005913062592735066,0.25965250965250963,1.2800782200825547,0.0012937647248643666,1.0767361039711763
127,frozenset({'Banana Cavendish'}),frozenset({'Pumpkin Butternut'}),0.20284112765840523,0.022772984557894158,0.005913062592735066,0.02915120153883666,1.280078220082555,0.0012937647248643666,1.0065697325794216
128,frozenset({'Banana Cavendish'}),frozenset({'Pumpkin Grey'}),0.20284112765840523,0.011309556520305545,0.0028686047150629224,0.014142125653599198,1.2504580200123643,0.0005745615171676762,1.0028732023215532
129,frozenset({'Pumpkin Grey'}),frozenset({'Banana Cavendish'}),0.011309556520305545,0.20284112765840523,0.0028686047150629224,0.2536443148688046,1.2504580200123643,0.0005745615171676762,1.0680683328639335
130,frozenset({'Pumpkin Japanese/Kent'}),frozenset({'Banana Cavendish'}),0.040281365060174754,0.20284112765840523,0.010056602736714843,0.24965893587994545,1.2308102344036649,0.001885885224289112,1.062395369866162
131,frozenset({'Banana Cavendish'}),frozenset({'Pumpkin Japanese/Kent'}),0.20284112765840523,0.040281365060174754,0.010056602736714843,0.04957871637181328,1.2308102344036649,0.001885885224289112,1.0097823475460759
132,frozenset({'Rockmelon'}),frozenset({'Banana Cavendish'}),0.010738033741825576,0.20284112765840523,0.0031653569269659834,0.2947799385875128,1.4532552741667715,0.0009872420539400791,1.1303689670213903
133,frozenset({'Banana Cavendish'}),frozenset({'Rockmelon'}),0.20284112765840523,0.010738033741825576,0.0031653569269659834,0.01560510416948877,1.4532552741667715,0.0009872420539400791,1.0049442255829222
134,frozenset({'Silverbeet'}),frozenset({'Banana Cavendish'}),0.009622465241523328,0.20284112765840523,0.0031104028136506017,0.32324386065105654,1.5935814614253951,0.0011585711132062013,1.177911548919943
135,frozenset({'Banana Cavendish'}),frozenset({'Silverbeet'}),0.20284112765840523,0.009622465241523328,0.0031104028136506017,0.015334182222101813,1.5935814614253951,0.0011585711132062013,1.0058006654414673
136,frozenset({'Spinach Bunch'}),frozenset({'Banana Cavendish'}),0.019679067978238172,0.20284112765840523,0.0043853382425674565,0.22284278134599275,1.0986074861567094,0.0003936139025952131,1.025736946408642
137,frozenset({'Banana Cavendish'}),frozenset({'Spinach Bunch'}),0.20284112765840523,0.019679067978238172,0.0043853382425674565,0.021619571401479236,1.0986074861567094,0.0003936139025952131,1.0019833833205563
138,frozenset({'Sweet Corn'}),frozenset({'Banana Cavendish'}),0.011260097818321702,0.20284112765840523,0.0033741825575644337,0.2996583699365544,1.47730577815163,0.001090171618552111,1.1382428776501239
139,frozenset({'Banana Cavendish'}),frozenset({'Sweet Corn'}),0.20284112765840523,0.011260097818321702,0.0033741825575644337,0.01663460756955921,1.47730577815163,0.001090171618552111,1.0054654249504897
140,frozenset({'Tomatoes Cherry'}),frozenset({'Banana Cavendish'}),0.012095400340715502,0.20284112765840523,0.0034730999615321207,0.2871422080872331,1.4156015173155376,0.0010196553169415294,1.1182579209839707
141,frozenset({'Banana Cavendish'}),frozenset({'Tomatoes Cherry'}),0.20284112765840523,0.012095400340715502,0.0034730999615321207,0.017122267074855736,1.4156015173155376,0.0010196553169415294,1.0051144374989347
142,frozenset({'Tomatoes Roma'}),frozenset({'Banana Cavendish'}),0.01408473924273232,0.20284112765840523,0.0038577787547397924,0.2738977760436988,1.350306908690414,0.0010008143639693764,1.097860392160939
143,frozenset({'Banana Cavendish'}),frozenset({'Tomatoes Roma'}),0.20284112765840523,0.01408473924273232,0.0038577787547397924,0.01901872070656444,1.3503069086904138,0.0010008143639693764,1.0050296387586375
144,frozenset({'Tomatoes Truss'}),frozenset({'Banana Cavendish'}),0.015079408693740727,0.20284112765840523,0.00431389789525746,0.2860787172011662,1.4103585426863594,0.0012551736313971312,1.1165921111308506
145,frozenset({'Banana Cavendish'}),frozenset({'Tomatoes Truss'}),0.20284112765840523,0.015079408693740727,0.00431389789525746,0.021267372869876188,1.4103585426863592,0.0012551736313971312,1.0063224255579177
146,frozenset({'Watermelon seedless'}),frozenset({'Banana Cavendish'}),0.07010496235643238,0.20284112765840523,0.01675001373852833,0.2389276475660422,1.1779053406191298,0.0025298441196995366,1.047415360434826
147,frozenset({'Banana Cavendish'}),frozenset({'Watermelon seedless'}),0.20284112765840523,0.07010496235643238,0.01675001373852833,0.08257700956354475,1.1779053406191298,0.0025298441196995366,1.013594652997718
148,frozenset({'Zucchini green'}),frozenset({'Banana Cavendish'}),0.018530527009946694,0.20284112765840523,0.004879925262405891,0.26334519572953735,1.298283039389448,0.001121172267603767,1.0821335416811022
149,frozenset({'Banana Cavendish'}),frozenset({'Zucchini green'}),0.20284112765840523,0.018530527009946694,0.004879925262405891,0.024057868927961853,1.298283039389448,0.001121172267603767,1.0056635959674611
150,frozenset({'cabbage Quater'}),frozenset({'Banana Cavendish'}),0.01318349178436006,0.20284112765840523,0.0031983293949552124,0.24260108378491038,1.1960152587667672,0.0005241750549402971,1.0524953961185943
151,frozenset({'Banana Cavendish'}),frozenset({'cabbage Quater'}),0.20284112765840523,0.01318349178436006,0.0031983293949552124,0.015767657337920946,1.1960152587667672,0.0005241750549402971,1.0026255645557953
152,frozenset({'cabbage half'}),frozenset({'Banana Cavendish'}),0.01063362092652635,0.20284112765840523,0.002494916744518327,0.234625322997416,1.1566950238638831,0.0003379810846897064,1.0415276286164659
153,frozenset({'Banana Cavendish'}),frozenset({'cabbage half'}),0.20284112765840523,0.01063362092652635,0.002494916744518327,0.012299856411367884,1.1566950238638831,0.0003379810846897064,1.0016869851600787
154,frozenset({'eggs 800g'}),frozenset({'Banana Cavendish'}),0.011754684838160136,0.20284112765840523,0.0028686047150629224,0.24403927068723702,1.2031054722699608,0.00048427118722136177,1.0544977290900872
155,frozenset({'Banana Cavendish'}),frozenset({'eggs 800g'}),0.20284112765840523,0.011754684838160136,0.0028686047150629224,0.014142125653599198,1.2031054722699608,0.00048427118722136177,1.0024216886404866
156,frozenset({'navel oranges 3kg'}),frozenset({'Banana Cavendish'}),0.014326537341319999,0.20284112765840523,0.0046161455184920595,0.3222094361334868,1.5884817830243176,0.00171013452873846,1.1761138540999083
157,frozenset({'Banana Cavendish'}),frozenset({'navel oranges 3kg'}),0.20284112765840523,0.014326537341319999,0.0046161455184920595,0.02275744358050446,1.5884817830243176,0.00171013452873846,1.0086272401706229
158,frozenset({'onion brown 2kg large'}),frozenset({'Banana Cavendish'}),0.012952684508435456,0.20284112765840523,0.0037918338187613344,0.2927450148493848,1.4432231679483774,0.0011644966868667303,1.1271166539346964
159,frozenset({'Banana Cavendish'}),frozenset({'onion brown 2kg large'}),0.20284112765840523,0.012952684508435456,0.0037918338187613344,0.01869361436970009,1.4432231679483774,0.0011644966868667303,1.0058502929822242
160,frozenset({'onion red 2kg'}),frozenset({'Banana Cavendish'}),0.010622630103863275,0.20284112765840523,0.002687256141122163,0.2529746508018624,1.2471565984778223,0.0005325498721564137,1.067110872739822
161,frozenset({'Banana Cavendish'}),frozenset({'onion red 2kg'}),0.20284112765840523,0.010622630103863275,0.002687256141122163,0.013248083227222237,1.2471565984778221,0.0005325498721564137,1.0026607023292597
162,frozenset({'peaches white'}),frozenset({'Banana Cavendish'}),0.012958179919766994,0.20284112765840523,0.003214815628949827,0.24809160305343514,1.223083335797827,0.0005863638016237868,1.0601808352969433
163,frozenset({'Banana Cavendish'}),frozenset({'peaches white'}),0.20284112765840523,0.012958179919766994,0.003214815628949827,0.015848933922137032,1.223083335797827,0.0005863638016237868,1.0029373071899323
164,frozenset({'pear corella'}),frozenset({'Banana Cavendish'}),0.015980656152112985,0.20284112765840523,0.0048524482057482,0.3036451169188446,1.496960307922358,0.0016109138911323713,1.1447595065527691
165,frozenset({'Banana Cavendish'}),frozenset({'pear corella'}),0.20284112765840523,0.015980656152112985,0.0048524482057482,0.023922407954268376,1.496960307922358,0.0016109138911323713,1.0081363939371977
166,frozenset({'Banana Cavendish'}),frozenset({'potatoes Red 5kg'}),0.20284112765840523,0.015062922459746112,0.003874264988734407,0.01909999729078053,1.268014048523653,0.0008188848111683866,1.0041156843917667
167,frozenset({'potatoes Red 5kg'}),frozenset({'Banana Cavendish'}),0.015062922459746112,0.20284112765840523,0.003874264988734407,0.25720539948923754,1.268014048523653,0.0008188848111683866,1.0731888355050645
168,frozenset({'wash potatoes 5kg'}),frozenset({'Banana Cavendish'}),0.010161015552014069,0.20284112765840523,0.0026377974391383193,0.25959978366684694,1.2798182827302467,0.0005767255864131929,1.0766594265592466
169,frozenset({'Banana Cavendish'}),frozenset({'wash potatoes 5kg'}),0.20284112765840523,0.010161015552014069,0.0026377974391383193,0.013004253474573974,1.2798182827302467,0.0005767255864131929,1.0028806992659989
170,frozenset({'Cucumber continental'}),frozenset({'Berries Strawberry (medium)'}),0.04525471231521679,0.023619277902951034,0.002022311370006045,0.044687310261080755,1.8919846087037844,0.000953427743414839,1.022053546011084
171,frozenset({'Berries Strawberry (medium)'}),frozenset({'Cucumber continental'}),0.023619277902951034,0.04525471231521679,0.002022311370006045,0.08562121917170779,1.8919846087037846,0.000953427743414839,1.0441463731473788
172,frozenset({'Field Tomatoes'}),frozenset({'Berries Strawberry (medium)'}),0.06430180799032807,0.023619277902951034,0.0022421278232675717,0.0348688146312281,1.4762862257898042,0.0007233655506818156,1.0116559664621951
173,frozenset({'Berries Strawberry (medium)'}),frozenset({'Field Tomatoes'}),0.023619277902951034,0.06430180799032807,0.0022421278232675717,0.09492787342950211,1.4762862257898044,0.0007233655506818156,1.0338382594492468
174,frozenset({'Watermelon seedless'}),frozenset({'Berries Strawberry (medium)'}),0.07010496235643238,0.023619277902951034,0.003978677804033632,0.05675315513051658,2.4028319309213826,0.0023228492157611347,1.03512747210106
175,frozenset({'Berries Strawberry (medium)'}),frozenset({'Watermelon seedless'}),0.023619277902951034,0.07010496235643238,0.003978677804033632,0.16845044206607726,2.4028319309213826,0.0023228492157611347,1.1182677313352136
176,frozenset({'Broccoli'}),frozenset({'Carrots 1kg'}),0.01786008682749904,0.0375666318623949,0.002588338737154476,0.1449230769230769,3.8577607237700855,0.001917395430275411,1.1255517979299088
177,frozenset({'Carrots 1kg'}),frozenset({'Broccoli'}),0.0375666318623949,0.01786008682749904,0.002588338737154476,0.06889994148624926,3.857760723770085,0.001917395430275411,1.054816723715195
178,frozenset({'Broccoli'}),frozenset({'Cauliflower'}),0.01786008682749904,0.02663076331263395,0.00272572402044293,0.1526153846153846,5.730792723578525,0.0022500962753967116,1.1486746620312054
179,frozenset({'Cauliflower'}),frozenset({'Broccoli'}),0.02663076331263395,0.01786008682749904,0.00272572402044293,0.10235245563351217,5.730792723578526,0.0022500962753967116,1.0941264412032043
180,frozenset({'Broccoli'}),frozenset({'Potato sweet Gold'}),0.01786008682749904,0.029675221190306095,0.0020003297246798924,0.112,3.7741925925925925,0.0014703276975957863,1.0927080842451509
181,frozenset({'Potato sweet Gold'}),frozenset({'Broccoli'}),0.029675221190306095,0.01786008682749904,0.0020003297246798924,0.0674074074074074,3.774192592592592,0.0014703276975957863,1.053128580447082
182,frozenset({'Cauliflower'}),frozenset({'Carrots 1kg'}),0.02663076331263395,0.0375666318623949,0.003313733032917514,0.12443252166735451,3.312315091838575,0.002313304951337222,1.0992109596971091
183,frozenset({'Carrots 1kg'}),frozenset({'Cauliflower'}),0.0375666318623949,0.02663076331263395,0.003313733032917514,0.08820947922761849,3.3123150918385753,0.002313304951337222,1.067536034332558
184,frozenset({'Celery'}),frozenset({'Carrots 1kg'}),0.025861405726218607,0.0375666318623949,0.0037643567621036436,0.1455588610284743,3.874684894872947,0.0027928308537427575,1.1263893137168788
185,frozenset({'Carrots 1kg'}),frozenset({'Celery'}),0.0375666318623949,0.025861405726218607,0.0037643567621036436,0.10020479812755997,3.874684894872947,0.0027928308537427575,1.0826225703878345
186,frozenset({'Celery half'}),frozenset({'Carrots 1kg'}),0.017151178765730614,0.0375666318623949,0.0020442930153321977,0.11919256648510095,3.172830796268844,0.0013999809966338712,1.0926717140623736
187,frozenset({'Carrots 1kg'}),frozenset({'Celery half'}),0.0375666318623949,0.017151178765730614,0.0020442930153321977,0.05441778818022235,3.172830796268844,0.0013999809966338712,1.0394112843374792
188,frozenset({'Coriander'}),frozenset({'Carrots 1kg'}),0.03237346815409133,0.0375666318623949,0.0023025773479144916,0.0711254455949754,1.8933144141190277,0.0010864151876607774,1.0361284670501885
189,frozenset({'Carrots 1kg'}),frozenset({'Coriander'}),0.0375666318623949,0.03237346815409133,0.0023025773479144916,0.06129315389116442,1.8933144141190275,0.0010864151876607774,1.0308080055631341
190,frozenset({'Cucumber continental'}),frozenset({'Carrots 1kg'}),0.04525471231521679,0.0375666318623949,0.0041215584986536245,0.09107468123861567,2.424350460063033,0.0024214913810692864,1.05886957736983
191,frozenset({'Carrots 1kg'}),frozenset({'Cucumber continental'}),0.0375666318623949,0.04525471231521679,0.0041215584986536245,0.10971328262141604,2.424350460063033,0.0024214913810692864,1.0724020352634205
192,frozenset({'Eggs 700g'}),frozenset({'Carrots 1kg'}),0.034252898829477386,0.0375666318623949,0.0023080727592460298,0.06738328252847746,1.7937003981432187,0.0010213067186991955,1.031970958816737
193,frozenset({'Carrots 1kg'}),frozenset({'Eggs 700g'}),0.0375666318623949,0.034252898829477386,0.0023080727592460298,0.06143943826799298,1.7937003981432187,0.0010213067186991955,1.0289662069204635
194,frozenset({'Field Tomatoes'}),frozenset({'Carrots 1kg'}),0.06430180799032807,0.0375666318623949,0.0047150629224597465,0.07332706606272969,1.9519201596598774,0.0022994605736006888,1.0385901356246534
195,frozenset({'Carrots 1kg'}),frozenset({'Field Tomatoes'}),0.0375666318623949,0.06430180799032807,0.0047150629224597465,0.12551199531889995,1.9519201596598774,0.0022994605736006888,1.0699954567711805
196,frozenset({'Leek'}),frozenset({'Carrots 1kg'}),0.027224267736440072,0.0375666318623949,0.0022311370006044954,0.08195397658457812,2.1815630659882506,0.0012084129568263762,1.0483498033759224
197,frozenset({'Carrots 1kg'}),frozenset({'Leek'}),0.0375666318623949,0.027224267736440072,0.0022311370006044954,0.05939145699239321,2.1815630659882506,0.0012084129568263762,1.0341982746117724
198,frozenset({'Lettuce Iceberg'}),frozenset({'Carrots 1kg'}),0.049392757047865034,0.0375666318623949,0.003379677968895972,0.06842456608811749,1.8214187084632445,0.001524158448210115,1.033124461103642
199,frozenset({'Carrots 1kg'}),frozenset({'Lettuce Iceberg'}),0.0375666318623949,0.049392757047865034,0.003379677968895972,0.08996489174956114,1.8214187084632443,0.001524158448210115,1.0445830433725758
200,frozenset({'Mandarin Imperial'}),frozenset({'Carrots 1kg'}),0.04346320822113535,0.0375666318623949,0.0028356322470736934,0.06524212921987609,1.7367042501668886,0.0012028659042716862,1.0296071295279747
201,frozenset({'Carrots 1kg'}),frozenset({'Mandarin Imperial'}),0.0375666318623949,0.04346320822113535,0.0028356322470736934,0.07548273844353423,1.736704250166889,0.0012028659042716862,1.0346337830063796
202,frozenset({'Onion spring'}),frozenset({'Carrots 1kg'}),0.0503819310875419,0.0375666318623949,0.003615980656152113,0.07177137870855149,1.910508745405956,0.0017233011984698773,1.0368494852039438
203,frozenset({'Carrots 1kg'}),frozenset({'Onion spring'}),0.0375666318623949,0.0503819310875419,0.003615980656152113,0.096255119953189,1.9105087454059557,0.0017233011984698773,1.0507590027655493
204,frozenset({'Pear Packham'}),frozenset({'Carrots 1kg'}),0.03493432983458812,0.0375666318623949,0.002560861680496785,0.07330501809029416,1.9513332565668269,0.0012484965722413342,1.0385654254372356
205,frozenset({'Carrots 1kg'}),frozenset({'Pear Packham'}),0.0375666318623949,0.03493432983458812,0.002560861680496785,0.06816851960210649,1.9513332565668267,0.0012484965722413342,1.0356654507458014
206,frozenset({'Potato brushed'}),frozenset({'Carrots 1kg'}),0.031659064680991375,0.0375666318623949,0.0020003297246798924,0.06318347509113001,1.681904178223073,0.0008110052967013406,1.0273445680638766
207,frozenset({'Carrots 1kg'}),frozenset({'Potato brushed'}),0.0375666318623949,0.031659064680991375,0.0020003297246798924,0.05324751316559392,1.681904178223073,0.0008110052967013406,1.0228026319284214
208,frozenset({'Potato sweet Gold'}),frozenset({'Carrots 1kg'}),0.029675221190306095,0.0375666318623949,0.003049953289003682,0.10277777777777777,2.735879494181132,0.0019351551791123125,1.0726811533422222
209,frozenset({'Carrots 1kg'}),frozenset({'Potato sweet Gold'}),0.0375666318623949,0.029675221190306095,0.003049953289003682,0.08118782913984786,2.735879494181132,0.0019351551791123125,1.0560643508904741
210,frozenset({'Potato washed'}),frozenset({'Carrots 1kg'}),0.02519646095510249,0.0375666318623949,0.0021377150079683466,0.08484187568157034,2.2584371149466578,0.0011911688350328042,1.0516580059368252
211,frozenset({'Carrots 1kg'}),frozenset({'Potato washed'}),0.0375666318623949,0.02519646095510249,0.0021377150079683466,0.05690462258630778,2.2584371149466578,0.0011911688350328042,1.0336213731830184
212,frozenset({'Carrots 1kg'}),frozenset({'Pumpkin Butternut'}),0.0375666318623949,0.022772984557894158,0.00224762323459911,0.05983031012287888,2.627249404696011,0.0013921189073046961,1.0394155714271411
213,frozenset({'Pumpkin Butternut'}),frozenset({'Carrots 1kg'}),0.022772984557894158,0.0375666318623949,0.00224762323459911,0.09869691119691121,2.627249404696011,0.0013921189073046961,1.067824331341964
214,frozenset({'Pumpkin Japanese/Kent'}),frozenset({'Carrots 1kg'}),0.040281365060174754,0.0375666318623949,0.003780842996098258,0.09386084583901774,2.498516401013174,0.002267607783967936,1.0621253520699556
215,frozenset({'Carrots 1kg'}),frozenset({'Pumpkin Japanese/Kent'}),0.0375666318623949,0.040281365060174754,0.003780842996098258,0.10064365125804564,2.498516401013174,0.002267607783967936,1.0671172069695258
216,frozenset({'Watermelon seedless'}),frozenset({'Carrots 1kg'}),0.07010496235643238,0.0375666318623949,0.0032697697422652086,0.04664105981030023,1.2415555374020382,0.0006361624296940607,1.009518375047807
217,frozenset({'Carrots 1kg'}),frozenset({'Watermelon seedless'}),0.0375666318623949,0.07010496235643238,0.0032697697422652086,0.08703920421299005,1.2415555374020382,0.0006361624296940607,1.0185487065104035
218,frozenset({'Zucchini green'}),frozenset({'Carrots 1kg'}),0.018530527009946694,0.0375666318623949,0.002417980985876793,0.13048635824436539,3.4734643958056126,0.0017218514994779602,1.1068640236562088
219,frozenset({'Carrots 1kg'}),frozenset({'Zucchini green'}),0.0375666318623949,0.018530527009946694,0.002417980985876793,0.06436512580456408,3.4734643958056126,0.0017218514994779602,1.0489876981488437
220,frozenset({'Cucumber continental'}),frozenset({'Cauliflower'}),0.04525471231521679,0.02663076331263395,0.0020607792493268122,0.04553734061930784,1.7099525118645165,0.000855611716878933,1.019808608666725
221,frozenset({'Cauliflower'}),frozenset({'Cucumber continental'}),0.02663076331263395,0.04525471231521679,0.0020607792493268122,0.07738340899711102,1.7099525118645165,0.000855611716878933,1.0348234542877341
222,frozenset({'Field Tomatoes'}),frozenset({'Cauliflower'}),0.06430180799032807,0.02663076331263395,0.003676430180799033,0.057174600461499026,2.146938102760829,0.0019640239516341713,1.03239606947778
223,frozenset({'Cauliflower'}),frozenset({'Field Tomatoes'}),0.02663076331263395,0.06430180799032807,0.003676430180799033,0.13805200165084605,2.1469381027608287,0.0019640239516341713,1.0855622309022912
224,frozenset({'Lettuce Iceberg'}),frozenset({'Cauliflower'}),0.049392757047865034,0.02663076331263395,0.0021651920646260374,0.043836226079216736,1.6460747130901918,0.0008498252423259113,1.0179942633635148
225,frozenset({'Cauliflower'}),frozenset({'Lettuce Iceberg'}),0.02663076331263395,0.049392757047865034,0.0021651920646260374,0.08130416838629798,1.6460747130901916,0.0008498252423259113,1.0347355569061198
226,frozenset({'Mandarin Imperial'}),frozenset({'Cauliflower'}),0.04346320822113535,0.02663076331263395,0.0020717700719898886,0.04766721456568467,1.7899304652326948,0.000914311661045107,1.0220893909931463
227,frozenset({'Cauliflower'}),frozenset({'Mandarin Imperial'}),0.02663076331263395,0.04346320822113535,0.0020717700719898886,0.07779612051176228,1.7899304652326948,0.000914311661045107,1.0372291995883594
228,frozenset({'Onion spring'}),frozenset({'Cauliflower'}),0.0503819310875419,0.02663076331263395,0.0020003297246798924,0.039703315881326355,1.4908816324649106,0.0006586204426541294,1.0136130352055626
229,frozenset({'Cauliflower'}),frozenset({'Onion spring'}),0.02663076331263395,0.0503819310875419,0.0020003297246798924,0.0751134956665291,1.4908816324649106,0.0006586204426541294,1.0267401075300697
230,frozenset({'Pumpkin Japanese/Kent'}),frozenset({'Cauliflower'}),0.040281365060174754,0.02663076331263395,0.002489421333186789,0.06180081855388812,2.320655169676232,0.0014166978343594719,1.037486768201017
231,frozenset({'Cauliflower'}),frozenset({'Pumpkin Japanese/Kent'}),0.02663076331263395,0.040281365060174754,0.002489421333186789,0.09347915806851011,2.3206551696762325,0.0014166978343594719,1.05868347482777
232,frozenset({'Watermelon seedless'}),frozenset({'Cauliflower'}),0.07010496235643238,0.02663076331263395,0.0024069901632137168,0.03433409108724622,1.2892642499269902,0.0005400415036584533,1.0079772183148574
233,frozenset({'Cauliflower'}),frozenset({'Watermelon seedless'}),0.02663076331263395,0.07010496235643238,0.0024069901632137168,0.09038382170862568,1.2892642499269902,0.0005400415036584533,1.0222938639792942
234,frozenset({'Cucumber continental'}),frozenset({'Celery'}),0.04525471231521679,0.025861405726218607,0.002527889212507556,0.055859137826350935,2.1599420548791075,0.0013575387363004327,1.0317725175362815
235,frozenset({'Celery'}),frozenset({'Cucumber continental'}),0.025861405726218607,0.04525471231521679,0.002527889212507556,0.09774755631109222,2.1599420548791075,0.0013575387363004327,1.0581797748103132
236,frozenset({'Field Tomatoes'}),frozenset({'Celery'}),0.06430180799032807,0.025861405726218607,0.002379513106556026,0.03700538415520042,1.4309115500896346,0.0007165779611887461,1.0115722126018385
237,frozenset({'Celery'}),frozenset({'Field Tomatoes'}),0.025861405726218607,0.06430180799032807,0.002379513106556026,0.09201019974500639,1.4309115500896346,0.0007165779611887461,1.0305161927445627
238,frozenset({'Lettuce Iceberg'}),frozenset({'Celery'}),0.049392757047865034,0.025861405726218607,0.002588338737154476,0.05240320427236315,2.0263091970764817,0.0013109726072030945,1.0280095908574318
239,frozenset({'Celery'}),frozenset({'Lettuce Iceberg'}),0.025861405726218607,0.049392757047865034,0.002588338737154476,0.10008499787505312,2.0263091970764817,0.0013109726072030945,1.0563300319557845
240,frozenset({'Onion spring'}),frozenset({'Celery'}),0.0503819310875419,0.025861405726218607,0.0024509534538660217,0.04864746945898778,1.881083726615386,0.0011480058927407144,1.0239512304863594
241,frozenset({'Celery'}),frozenset({'Onion spring'}),0.025861405726218607,0.0503819310875419,0.0024509534538660217,0.09477263068423289,1.881083726615386,0.0011480058927407144,1.0490381765967203
242,frozenset({'Watermelon seedless'}),frozenset({'Celery'}),0.07010496235643238,0.025861405726218607,0.0024234763972083313,0.034569256094693114,1.3367121826500863,0.0006104635222873511,1.0090196530651696
243,frozenset({'Celery'}),frozenset({'Watermelon seedless'}),0.025861405726218607,0.07010496235643238,0.0024234763972083313,0.09371015724606886,1.3367121826500863,0.0006104635222873511,1.0260459665065955
244,frozenset({'Coriander'}),frozenset({'Cucumber continental'}),0.03237346815409133,0.04525471231521679,0.0022751002912568007,0.07027669326090648,1.5529143743396663,0.0008100483032975651,1.0269133631095595
245,frozenset({'Cucumber continental'}),frozenset({'Coriander'}),0.04525471231521679,0.03237346815409133,0.0022751002912568007,0.050273224043715856,1.5529143743396663,0.0008100483032975651,1.0188472688596162
246,frozenset({'Coriander'}),frozenset({'Field Tomatoes'}),0.03237346815409133,0.06430180799032807,0.004698576688465132,0.1451366491257851,2.2571161474591164,0.00261690415523975,1.0945587865625452
247,frozenset({'Field Tomatoes'}),frozenset({'Coriander'}),0.06430180799032807,0.03237346815409133,0.004698576688465132,0.07307067771985301,2.257116147459116,0.00261690415523975,1.0439054074432028
248,frozenset({'Coriander'}),frozenset({'Mint fresh'}),0.03237346815409133,0.0063197230312688904,0.002588338737154476,0.07995246986929214,12.651261688795731,0.0023837473848590147,1.0800314597090028
249,frozenset({'Mint fresh'}),frozenset({'Coriander'}),0.0063197230312688904,0.03237346815409133,0.002588338737154476,0.4095652173913043,12.65126168879573,0.0023837473848590147,1.638837277794985
250,frozenset({'Coriander'}),frozenset({'Onion spring'}),0.03237346815409133,0.0503819310875419,0.0043029070725943835,0.13291461551519268,2.6381405524977763,0.0026718692309902216,1.0951840336654837
251,frozenset({'Onion spring'}),frozenset({'Coriander'}),0.0503819310875419,0.03237346815409133,0.0043029070725943835,0.08540575916230367,2.638140552497776,0.0026718692309902216,1.0579845013671187
252,frozenset({'Mandarin Imperial'}),frozenset({'Crimson Grapes'}),0.04346320822113535,0.01890421498049129,0.0022311370006044954,0.051333923378429645,2.715475010806059,0.0014094991686502962,1.034184534682033
253,frozenset({'Crimson Grapes'}),frozenset({'Mandarin Imperial'}),0.01890421498049129,0.04346320822113535,0.0022311370006044954,0.11802325581395348,2.7154750108060584,0.0014094991686502962,1.084537430362325
254,frozenset({'Crimson Grapes'}),frozenset({'Watermelon seedless'}),0.01890421498049129,0.07010496235643238,0.0023630268725614114,0.125,1.7830406835462884,0.0010377475929761644,1.062737185878363
255,frozenset({'Watermelon seedless'}),frozenset({'Crimson Grapes'}),0.07010496235643238,0.01890421498049129,0.0023630268725614114,0.033706984400721174,1.7830406835462882,0.0010377475929761644,1.01531913113441
256,frozenset({'Field Tomatoes'}),frozenset({'Cucumber Lebanese'}),0.06430180799032807,0.01860196735725669,0.0032422926856075177,0.05042304076574652,2.7106294617851976,0.0020461525523588478,1.0335107893036395
257,frozenset({'Cucumber Lebanese'}),frozenset({'Field Tomatoes'}),0.01860196735725669,0.06430180799032807,0.0032422926856075177,0.17429837518463812,2.710629461785198,0.0020461525523588478,1.133215878337295
258,frozenset({'Cucumber Lebanese'}),frozenset({'Lettuce Iceberg'}),0.01860196735725669,0.049392757047865034,0.0020992471286475794,0.11285081240768095,2.2847643896112264,0.0011804446743582837,1.0715303088221702
259,frozenset({'Lettuce Iceberg'}),frozenset({'Cucumber Lebanese'}),0.049392757047865034,0.01860196735725669,0.0020992471286475794,0.04250111259457054,2.2847643896112264,0.0011804446743582837,1.0249599718095488
260,frozenset({'Cucumber Lebanese'}),frozenset({'Watermelon seedless'}),0.01860196735725669,0.07010496235643238,0.002428971808539869,0.13057607090103396,1.8625795737133457,0.0011248815872038048,1.0695530759169134
261,frozenset({'Watermelon seedless'}),frozenset({'Cucumber Lebanese'}),0.07010496235643238,0.01860196735725669,0.002428971808539869,0.03464764443050874,1.8625795737133457,0.0011248815872038048,1.0166215755114474
262,frozenset({'Eggs 700g'}),frozenset({'Cucumber continental'}),0.034252898829477386,0.04525471231521679,0.0021267241853052702,0.062088881758382806,1.3719871054733357,0.0005766191028150451,1.0179485764863587
263,frozenset({'Cucumber continental'}),frozenset({'Eggs 700g'}),0.04525471231521679,0.034252898829477386,0.0021267241853052702,0.04699453551912569,1.3719871054733357,0.0005766191028150451,1.0133699513429222
264,frozenset({'Field Tomatoes'}),frozenset({'Cucumber continental'}),0.06430180799032807,0.04525471231521679,0.006825300873770402,0.10614477395094438,2.3454966018036854,0.003915341051819796,1.0681207200688065
265,frozenset({'Cucumber continental'}),frozenset({'Field Tomatoes'}),0.04525471231521679,0.06430180799032807,0.006825300873770402,0.15081967213114755,2.3454966018036854,0.003915341051819796,1.101883971285521
266,frozenset({'Cucumber continental'}),frozenset({'Lettuce Iceberg'}),0.04525471231521679,0.049392757047865034,0.006610979831840413,0.14608378870673952,2.9575953527998875,0.004375724821183884,1.1132324581500044
267,frozenset({'Lettuce Iceberg'}),frozenset({'Cucumber continental'}),0.049392757047865034,0.04525471231521679,0.006610979831840413,0.13384512683578104,2.957595352799888,0.004375724821183884,1.1022801086333758
268,frozenset({'Mandarin Imperial'}),frozenset({'Cucumber continental'}),0.04346320822113535,0.04525471231521679,0.0024839259218552507,0.0571500821848527,1.262853728619022,0.0005170109375114049,1.0126163980553775
269,frozenset({'Cucumber continental'}),frozenset({'Mandarin Imperial'}),0.04525471231521679,0.04346320822113535,0.0024839259218552507,0.054887674559805706,1.262853728619022,0.0005170109375114049,1.0120879455607028
270,frozenset({'Cucumber continental'}),frozenset({'Onion spring'}),0.04525471231521679,0.0503819310875419,0.004379842831235918,0.09678202792956891,1.9209670181439416,0.0020998230339841317,1.0513719813786089
271,frozenset({'Onion spring'}),frozenset({'Cucumber continental'}),0.0503819310875419,0.04525471231521679,0.004379842831235918,0.08693280977312391,1.9209670181439416,0.0020998230339841317,1.045646254628371
272,frozenset({'Cucumber continental'}),frozenset({'Pear Packham'}),0.04525471231521679,0.03493432983458812,0.002319063581909106,0.051244687310261085,1.4668862277565218,0.0007381205353199256,1.01719132136339
273,frozenset({'Pear Packham'}),frozenset({'Cucumber continental'}),0.03493432983458812,0.04525471231521679,0.002319063581909106,0.06638351423627498,1.466886227756522,0.0007381205353199256,1.0226311362783769
274,frozenset({'Cucumber continental'}),frozenset({'Potato Desiree'}),0.04525471231521679,0.023047755124471065,0.0020333021926691214,0.044930176077717064,1.9494382786986588,0.0009902826649996197,1.0229118546153821
275,frozenset({'Potato Desiree'}),frozenset({'Cucumber continental'}),0.023047755124471065,0.04525471231521679,0.0020333021926691214,0.08822126847877922,1.9494382786986586,0.0009902826649996197,1.0471238850810618
276,frozenset({'Cucumber continental'}),frozenset({'Potato sweet Gold'}),0.04525471231521679,0.029675221190306095,0.002121228773973732,0.046873102610807536,1.579536755942342,0.0007782851761160045,1.0180436429478699
277,frozenset({'Potato sweet Gold'}),frozenset({'Cucumber continental'}),0.029675221190306095,0.04525471231521679,0.002121228773973732,0.07148148148148148,1.5795367559423419,0.0007782851761160045,1.0282458223968547
278,frozenset({'Cucumber continental'}),frozenset({'Pumpkin Japanese/Kent'}),0.04525471231521679,0.040281365060174754,0.0023905039292191023,0.05282331511839709,1.311358615565446,0.0005675823417566684,1.0132414049653156
279,frozenset({'Pumpkin Japanese/Kent'}),frozenset({'Cucumber continental'}),0.040281365060174754,0.04525471231521679,0.0023905039292191023,0.05934515688949523,1.311358615565446,0.0005675823417566684,1.0149793993806324
280,frozenset({'Cucumber continental'}),frozenset({'Watermelon seedless'}),0.04525471231521679,0.07010496235643238,0.00500082431169973,0.11050394656952034,1.5762642594070406,0.0018282444083902805,1.0454178341289802
281,frozenset({'Watermelon seedless'}),frozenset({'Cucumber continental'}),0.07010496235643238,0.04525471231521679,0.00500082431169973,0.07133338559222388,1.5762642594070406,0.0018282444083902805,1.0280818464585786
282,frozenset({'Curry Leaves'}),frozenset({'Pandan Leaves'}),0.008814639775787218,0.0034566137275375062,0.0021981645326152664,0.24937655860349128,72.14475734352513,0.002167695727762982,1.327620923240058
283,frozenset({'Pandan Leaves'}),frozenset({'Curry Leaves'}),0.0034566137275375062,0.008814639775787218,0.0021981645326152664,0.6359300476947536,72.14475734352513,0.002167695727762982,2.722513500353842
284,frozenset({'Field Tomatoes'}),frozenset({'Eggplant'}),0.06430180799032807,0.022932351486508764,0.0031049074023190635,0.04828647124177421,2.105604881827379,0.0016303157402668624,1.0266404952636818
285,frozenset({'Eggplant'}),frozenset({'Field Tomatoes'}),0.022932351486508764,0.06430180799032807,0.0031049074023190635,0.13539420081476156,2.105604881827379,0.0016303157402668624,1.0822252093282596
286,frozenset({'Eggplant'}),frozenset({'Onion spring'}),0.022932351486508764,0.0503819310875419,0.0020333021926691214,0.08866522885214476,1.7598616594922318,0.0008779260404005477,1.0420079415124082
287,frozenset({'Onion spring'}),frozenset({'Eggplant'}),0.0503819310875419,0.022932351486508764,0.0020333021926691214,0.04035776614310646,1.7598616594922318,0.0008779260404005477,1.0181582406878482
288,frozenset({'Zucchini green'}),frozenset({'Eggplant'}),0.018530527009946694,0.022932351486508764,0.0020113205473429687,0.10854092526690393,4.733091821427871,0.001586371988720627,1.0960319729831978
289,frozenset({'Eggplant'}),frozenset({'Zucchini green'}),0.022932351486508764,0.018530527009946694,0.0020113205473429687,0.08770668583752697,4.733091821427871,0.001586371988720627,1.0758266642467802
290,frozenset({'Eggs 700g'}),frozenset({'Field Tomatoes'}),0.034252898829477386,0.06430180799032807,0.003220311040281365,0.0940157227659233,1.4621007667477195,0.001017787716636177,1.0327973845929317
291,frozenset({'Field Tomatoes'}),frozenset({'Eggs 700g'}),0.06430180799032807,0.034252898829477386,0.003220311040281365,0.05008118964191095,1.4621007667477195,0.001017787716636177,1.0166627827976866
292,frozenset({'Eggs 700g'}),frozenset({'Lettuce Iceberg'}),0.034252898829477386,0.049392757047865034,0.002659779084464472,0.07765121129472163,1.5721173697486088,0.0009679339743949948,1.030637492663186
293,frozenset({'Lettuce Iceberg'}),frozenset({'Eggs 700g'}),0.049392757047865034,0.034252898829477386,0.002659779084464472,0.05384957721406319,1.5721173697486088,0.0009679339743949948,1.0207120114441037
294,frozenset({'Mandarin Imperial'}),frozenset({'Eggs 700g'}),0.04346320822113535,0.034252898829477386,0.0021432104192998847,0.0493109116196738,1.4396128008073226,0.0006544695452968259,1.015839050825597
295,frozenset({'Eggs 700g'}),frozenset({'Mandarin Imperial'}),0.034252898829477386,0.04346320822113535,0.0021432104192998847,0.0625701909193005,1.4396128008073223,0.0006544695452968259,1.020382307574476
296,frozenset({'Eggs 700g'}),frozenset({'Onion spring'}),0.034252898829477386,0.0503819310875419,0.002566357091828323,0.07492379271618803,1.4871163351401326,0.0008406299034530488,1.0265295566304806
297,frozenset({'Onion spring'}),frozenset({'Eggs 700g'}),0.0503819310875419,0.034252898829477386,0.002566357091828323,0.05093804537521815,1.4871163351401326,0.0008406299034530488,1.0175806715930757
298,frozenset({'Eggs 700g'}),frozenset({'Watermelon seedless'}),0.034252898829477386,0.07010496235643238,0.002522393801176018,0.07364030162040751,1.05042922990245,0.00012109561813681896,1.0038163785300236
299,frozenset({'Watermelon seedless'}),frozenset({'Eggs 700g'}),0.07010496235643238,0.034252898829477386,0.002522393801176018,0.03598024613937446,1.0504292299024498,0.00012109561813681896,1.0017918173387834
300,frozenset({'Garlic Chinese 500g'}),frozenset({'Field Tomatoes'}),0.017541352970269826,0.06430180799032807,0.0023355498159037206,0.13314536340852132,2.0706317220279145,0.0012076091053188592,1.0794176468720178
301,frozenset({'Field Tomatoes'}),frozenset({'Garlic Chinese 500g'}),0.06430180799032807,0.017541352970269826,0.0023355498159037206,0.036321681907529275,2.070631722027914,0.0012076091053188592,1.019488172126186
302,frozenset({'Field Tomatoes'}),frozenset({'Leek'}),0.06430180799032807,0.027224267736440072,0.0025498708578337087,0.039654730364926075,1.4565949302595071,0.0007993012211678556,1.0129437432780917
303,frozenset({'Leek'}),frozenset({'Field Tomatoes'}),0.027224267736440072,0.06430180799032807,0.0025498708578337087,0.09366168752523213,1.456594930259507,0.0007993012211678556,1.0323939517184666
304,frozenset({'Field Tomatoes'}),frozenset({'Lettuce Iceberg'}),0.06430180799032807,0.049392757047865034,0.005935044238061219,0.0922998034356038,1.8686910582083693,0.0027590006582564777,1.0472700640036656
305,frozenset({'Lettuce Iceberg'}),frozenset({'Field Tomatoes'}),0.049392757047865034,0.06430180799032807,0.005935044238061219,0.12016021361815754,1.8686910582083693,0.0027590006582564777,1.0634870194465011
306,frozenset({'Mandarin Imperial'}),frozenset({'Field Tomatoes'}),0.04346320822113535,0.06430180799032807,0.0038248062867505634,0.08800101150587938,1.3685620086936905,0.0010300434170714698,1.025985997588312
307,frozenset({'Field Tomatoes'}),frozenset({'Mandarin Imperial'}),0.06430180799032807,0.04346320822113535,0.0038248062867505634,0.05948209554738912,1.3685620086936905,0.0010300434170714698,1.0170319855160832
308,frozenset({'Field Tomatoes'}),frozenset({'Onion brown'}),0.06430180799032807,0.01845359125130516,0.002115733362642194,0.03290317066917358,1.7830226225936618,0.0009291340812687715,1.0149411920085258
309,frozenset({'Onion brown'}),frozenset({'Field Tomatoes'}),0.01845359125130516,0.06430180799032807,0.002115733362642194,0.11465157832042884,1.7830226225936618,0.0009291340812687715,1.0568700063129763
310,frozenset({'Field Tomatoes'}),frozenset({'Onion spring'}),0.06430180799032807,0.0503819310875419,0.005215145353629719,0.0811041791299889,1.6097870283904974,0.001975496094656659,1.0334338750320566
311,frozenset({'Onion spring'}),frozenset({'Field Tomatoes'}),0.0503819310875419,0.06430180799032807,0.005215145353629719,0.10351221640488656,1.6097870283904971,0.001975496094656659,1.04373780561439
312,frozenset({'Field Tomatoes'}),frozenset({'Orange navel'}),0.06430180799032807,0.031016101555201406,0.0022366324119360336,0.03478335185026921,1.1214611155551895,0.0002422410051249567,1.0039030100675217
313,frozenset({'Orange navel'}),frozenset({'Field Tomatoes'}),0.031016101555201406,0.06430180799032807,0.0022366324119360336,0.0721119773210489,1.1214611155551892,0.0002422410051249567,1.0084171464011054
314,frozenset({'Field Tomatoes'}),frozenset({'Pear Packham'}),0.06430180799032807,0.03493432983458812,0.0031433752816398307,0.048884710708486455,1.3993315726951832,0.000897034712345356,1.0146673920932234
315,frozenset({'Pear Packham'}),frozenset({'Field Tomatoes'}),0.03493432983458812,0.06430180799032807,0.0031433752816398307,0.08997955010224948,1.3993315726951832,0.000897034712345356,1.0282166649274822
316,frozenset({'Field Tomatoes'}),frozenset({'Potato brushed'}),0.06430180799032807,0.031659064680991375,0.002753201077100621,0.042816853260405095,1.3524358249949513,0.0007174659788301363,1.0116569003721179
317,frozenset({'Potato brushed'}),frozenset({'Field Tomatoes'}),0.031659064680991375,0.06430180799032807,0.002753201077100621,0.0869640687380663,1.3524358249949513,0.0007174659788301363,1.0248207764577415
318,frozenset({'Field Tomatoes'}),frozenset({'Potato sweet Gold'}),0.06430180799032807,0.029675221190306095,0.002494916744518327,0.03880010255533715,1.3074916040730926,0.0005867463694687496,1.0094932192453303
319,frozenset({'Potato sweet Gold'}),frozenset({'Field Tomatoes'}),0.029675221190306095,0.06430180799032807,0.002494916744518327,0.08407407407407406,1.3074916040730928,0.0005867463694687496,1.021587189011773
320,frozenset({'Field Tomatoes'}),frozenset({'Potato washed'}),0.06430180799032807,0.02519646095510249,0.0029675221190306094,0.0461499017178019,1.8316025333889665,0.0013473441246598108,1.0219672260876576
321,frozenset({'Potato washed'}),frozenset({'Field Tomatoes'}),0.02519646095510249,0.06430180799032807,0.0029675221190306094,0.11777535441657579,1.8316025333889665,0.0013473441246598108,1.0606121657266616
322,frozenset({'Field Tomatoes'}),frozenset({'Pumpkin Japanese/Kent'}),0.06430180799032807,0.040281365060174754,0.003934714513381327,0.06119135116656697,1.5190982499017995,0.0013445499116936598,1.0222728946227486
323,frozenset({'Pumpkin Japanese/Kent'}),frozenset({'Field Tomatoes'}),0.040281365060174754,0.06430180799032807,0.003934714513381327,0.09768076398362893,1.5190982499017998,0.0013445499116936598,1.0369924020911545
324,frozenset({'Field Tomatoes'}),frozenset({'Spinach Bunch'}),0.06430180799032807,0.019679067978238172,0.0020992471286475794,0.0326467823262969,1.6589597821603592,0.0008338474780822949,1.0134053560903469
325,frozenset({'Spinach Bunch'}),frozenset({'Field Tomatoes'}),0.019679067978238172,0.06430180799032807,0.0020992471286475794,0.10667411337615192,1.6589597821603594,0.0008338474780822949,1.0474320805209865
326,frozenset({'Field Tomatoes'}),frozenset({'Watermelon seedless'}),0.06430180799032807,0.07010496235643238,0.005154695828982799,0.08016408853944107,1.1434866498018414,0.0006468200003703073,1.010935783282299
327,frozenset({'Watermelon seedless'}),frozenset({'Field Tomatoes'}),0.07010496235643238,0.06430180799032807,0.005154695828982799,0.07352825899506153,1.1434866498018414,0.0006468200003703073,1.0099586966297813
328,frozenset({'Field Tomatoes'}),frozenset({'Zucchini green'}),0.06430180799032807,0.018530527009946694,0.002379513106556026,0.03700538415520042,1.9969957754216547,0.0011879667168028453,1.0191847979638458
329,frozenset({'Zucchini green'}),frozenset({'Field Tomatoes'}),0.018530527009946694,0.06430180799032807,0.002379513106556026,0.12841043890865955,1.9969957754216545,0.0011879667168028453,1.0735536929080007
330,frozenset({'Field Tomatoes'}),frozenset({'onion brown 2kg large'}),0.06430180799032807,0.012952684508435456,0.0022915865252514152,0.035637979659858134,2.751397182309879,0.0014587054930307016,1.0235236297914567
331,frozenset({'onion brown 2kg large'}),frozenset({'Field Tomatoes'}),0.012952684508435456,0.06430180799032807,0.0022915865252514152,0.17691981332201953,2.751397182309879,0.0014587054930307016,1.136825071426184
332,frozenset({'Field Tomatoes'}),frozenset({'onion red 2kg'}),0.06430180799032807,0.010622630103863275,0.002181678298620652,0.033928724040680286,3.1940040939899594,0.0014986239773297568,1.0241246112132603
333,frozenset({'onion red 2kg'}),frozenset({'Field Tomatoes'}),0.010622630103863275,0.06430180799032807,0.002181678298620652,0.20538023797206414,3.1940040939899594,0.0014986239773297568,1.1775420606475886
334,frozenset({'Watermelon seedless'}),frozenset({'Grapes black'}),0.07010496235643238,0.023415947683684123,0.002049788426663736,0.02923884925923023,1.2486724711809727,0.0004082142957588706,1.0059982845122126
335,frozenset({'Grapes black'}),frozenset({'Watermelon seedless'}),0.023415947683684123,0.07010496235643238,0.002049788426663736,0.08753813658765548,1.2486724711809727,0.0004082142957588706,1.0191056469648256
336,frozenset({'Watermelon seedless'}),frozenset({'Grapes white Seedless'}),0.07010496235643238,0.016870912787822167,0.0031763477496290597,0.04530845810143451,2.685596130527048,0.0019936130437201334,1.0297871553958249
337,frozenset({'Grapes white Seedless'}),frozenset({'Watermelon seedless'}),0.016870912787822167,0.07010496235643238,0.0031763477496290597,0.18827361563517916,2.685596130527048,0.0019936130437201334,1.1455769524742185
338,frozenset({'Leek'}),frozenset({'Onion spring'}),0.027224267736440072,0.0503819310875419,0.0034566137275375062,0.12696810658054097,2.520111949657618,0.002085002546531392,1.0877243730386863
339,frozenset({'Onion spring'}),frozenset({'Leek'}),0.0503819310875419,0.027224267736440072,0.0034566137275375062,0.06860820244328097,2.520111949657618,0.002085002546531392,1.0444323589872724
340,frozenset({'Leek'}),frozenset({'Pumpkin Japanese/Kent'}),0.027224267736440072,0.040281365060174754,0.002434467219871407,0.08942268873637464,2.219951796638212,0.0013378365526839273,1.0539672173557735
341,frozenset({'Pumpkin Japanese/Kent'}),frozenset({'Leek'}),0.040281365060174754,0.027224267736440072,0.002434467219871407,0.06043656207366985,2.219951796638212,0.0013378365526839273,1.0353486449095244
342,frozenset({'Mandarin Imperial'}),frozenset({'Lettuce Iceberg'}),0.04346320822113535,0.049392757047865034,0.0022366324119360336,0.051460361613351886,1.0418604809503385,8.986472774872526e-05,1.002179776660682
343,frozenset({'Lettuce Iceberg'}),frozenset({'Mandarin Imperial'}),0.049392757047865034,0.04346320822113535,0.0022366324119360336,0.04528259902091678,1.0418604809503385,8.986472774872526e-05,1.0019056851775359
344,frozenset({'Lettuce Iceberg'}),frozenset({'Nectarine White'}),0.049392757047865034,0.024520525361323296,0.0026432928504698575,0.05351579884290164,2.182489895885883,0.001432156498612003,1.0306347147116992
345,frozenset({'Nectarine White'}),frozenset({'Lettuce Iceberg'}),0.024520525361323296,0.049392757047865034,0.0026432928504698575,0.1077991931869117,2.1824898958858836,0.001432156498612003,1.0654633303321843
346,frozenset({'Onion spring'}),frozenset({'Lettuce Iceberg'}),0.0503819310875419,0.049392757047865034,0.004445787767214376,0.08824171029668412,1.7865313776911003,0.00195728528540514,1.042608829212247
347,frozenset({'Lettuce Iceberg'}),frozenset({'Onion spring'}),0.049392757047865034,0.0503819310875419,0.004445787767214376,0.0900089007565643,1.7865313776911,0.00195728528540514,1.0435465464464084
348,frozenset({'Pear Packham'}),frozenset({'Lettuce Iceberg'}),0.03493432983458812,0.049392757047865034,0.0026103203824806285,0.07472078024225262,1.512788204348321,0.0008848175163308344,1.02737338378897
349,frozenset({'Lettuce Iceberg'}),frozenset({'Pear Packham'}),0.049392757047865034,0.03493432983458812,0.0026103203824806285,0.05284824210057854,1.512788204348321,0.0008848175163308344,1.0189134551211938
350,frozenset({'Lettuce Iceberg'}),frozenset({'Potato sweet Gold'}),0.049392757047865034,0.029675221190306095,0.0020662746606583504,0.04183355585224744,1.4097133626728642,0.0006005336700639053,1.0126891676662249
351,frozenset({'Potato sweet Gold'}),frozenset({'Lettuce Iceberg'}),0.029675221190306095,0.049392757047865034,0.0020662746606583504,0.06962962962962962,1.4097133626728642,0.0006005336700639053,1.021751415593457
352,frozenset({'Pumpkin Japanese/Kent'}),frozenset({'Lettuce Iceberg'}),0.040281365060174754,0.049392757047865034,0.0022256415892729572,0.05525238744884039,1.1186333938657638,0.0002360339112993863,1.0062023235868809
353,frozenset({'Lettuce Iceberg'}),frozenset({'Pumpkin Japanese/Kent'}),0.049392757047865034,0.040281365060174754,0.0022256415892729572,0.04506008010680908,1.1186333938657638,0.0002360339112993863,1.005004204921257
354,frozenset({'Watermelon seedless'}),frozenset({'Lettuce Iceberg'}),0.07010496235643238,0.049392757047865034,0.004951365609715887,0.07062789056988321,1.4299240372721014,0.0014886882361948993,1.0228489033687909
355,frozenset({'Lettuce Iceberg'}),frozenset({'Watermelon seedless'}),0.049392757047865034,0.07010496235643238,0.004951365609715887,0.10024477080551847,1.4299240372721014,0.0014886882361948993,1.03349778636582
356,frozenset({'Mandarin Imperial'}),frozenset({'Orange navel'}),0.04346320822113535,0.031016101555201406,0.0028081551904160025,0.0646099380452649,2.083109572306317,0.001460095910314404,1.0359142542308615
357,frozenset({'Orange navel'}),frozenset({'Mandarin Imperial'}),0.031016101555201406,0.04346320822113535,0.0028081551904160025,0.09053862508858965,2.083109572306317,0.001460095910314404,1.0517618649522524
358,frozenset({'Mandarin Imperial'}),frozenset({'Pear Packham'}),0.04346320822113535,0.03493432983458812,0.003846787932076716,0.08850676444556835,2.5335183146389917,0.0023284298804101917,1.0587743633427997
359,frozenset({'Pear Packham'}),frozenset({'Mandarin Imperial'}),0.03493432983458812,0.04346320822113535,0.003846787932076716,0.1101148340412144,2.5335183146389917,0.0023284298804101917,1.0748991312247203
360,frozenset({'Mandarin Imperial'}),frozenset({'Pumpkin Japanese/Kent'}),0.04346320822113535,0.040281365060174754,0.0022366324119360336,0.051460361613351886,1.277522783462707,0.00048587505489409207,1.0117854817034229
361,frozenset({'Pumpkin Japanese/Kent'}),frozenset({'Mandarin Imperial'}),0.040281365060174754,0.04346320822113535,0.0022366324119360336,0.05552523874488404,1.277522783462707,0.00048587505489409207,1.0127711517751088
362,frozenset({'Watermelon seedless'}),frozenset({'Nectarine White'}),0.07010496235643238,0.024520525361323296,0.004132549321316701,0.05894802853335424,2.4040279588109525,0.002413538813901186,1.03658406147152
363,frozenset({'Nectarine White'}),frozenset({'Watermelon seedless'}),0.024520525361323296,0.07010496235643238,0.004132549321316701,0.1685342895562528,2.4040279588109525,0.002413538813901186,1.1183805007993528
364,frozenset({'peaches white'}),frozenset({'Nectarine White'}),0.012958179919766994,0.024520525361323296,0.0020278067813375832,0.15648854961832062,6.381941141650785,0.0017100654019783464,1.1564507798883858
365,frozenset({'Nectarine White'}),frozenset({'peaches white'}),0.024520525361323296,0.012958179919766994,0.0020278067813375832,0.08269834155087405,6.381941141650786,0.0017100654019783464,1.0760275106762764
366,frozenset({'Watermelon seedless'}),frozenset({'Nectarine Yellow'}),0.07010496235643238,0.01476617024784305,0.0023080727592460298,0.03292310104256487,2.229630330002058,0.001272890949872321,1.0187750641280915
367,frozenset({'Nectarine Yellow'}),frozenset({'Watermelon seedless'}),0.01476617024784305,0.07010496235643238,0.0023080727592460298,0.15630815035355416,2.229630330002058,0.001272890949872321,1.1021737830384941
368,frozenset({'Onion spring'}),frozenset({'Pac choy 3 for $2.'}),0.0503819310875419,0.018217288564049017,0.002253118645930648,0.04472076788830716,2.4548531320166678,0.0013352964688948653,1.0277442222476363
369,frozenset({'Pac choy 3 for $2.'}),frozenset({'Onion spring'}),0.018217288564049017,0.0503819310875419,0.002253118645930648,0.12368024132730017,2.4548531320166678,0.0013352964688948653,1.0836433385352147
370,frozenset({'Onion spring'}),frozenset({'Potato sweet Gold'}),0.0503819310875419,0.029675221190306095,0.0020003297246798924,0.039703315881326355,1.3379282205416587,0.0005052347756623276,1.0104427046941473
371,frozenset({'Potato sweet Gold'}),frozenset({'Onion spring'}),0.029675221190306095,0.0503819310875419,0.0020003297246798924,0.0674074074074074,1.3379282205416585,0.0005052347756623276,1.0182560707162973
372,frozenset({'Pumpkin Japanese/Kent'}),frozenset({'Onion spring'}),0.040281365060174754,0.0503819310875419,0.0025443754465021705,0.06316507503410641,1.2537247713739468,0.0005149224879283281,1.013645033512206
373,frozenset({'Onion spring'}),frozenset({'Pumpkin Japanese/Kent'}),0.0503819310875419,0.040281365060174754,0.0025443754465021705,0.05050174520069808,1.2537247713739468,0.0005149224879283281,1.010763979911352
374,frozenset({'Spinach Bunch'}),frozenset({'Onion spring'}),0.019679067978238172,0.0503819310875419,0.002819146013079079,0.14325607372242388,2.8434018035852393,0.0018276765663324307,1.108403619548733
375,frozenset({'Onion spring'}),frozenset({'Spinach Bunch'}),0.0503819310875419,0.019679067978238172,0.002819146013079079,0.05595549738219895,2.8434018035852393,0.0018276765663324307,1.038426609448355
376,frozenset({'Orange navel'}),frozenset({'Pear Packham'}),0.031016101555201406,0.03493432983458812,0.002588338737154476,0.08345145287030474,2.3888093249660773,0.0015048120152419883,1.0529345916129103
377,frozenset({'Pear Packham'}),frozenset({'Orange navel'}),0.03493432983458812,0.031016101555201406,0.002588338737154476,0.07409155261915998,2.3888093249660773,0.0015048120152419883,1.0465223653437963
378,frozenset({'Peaches Yellow'}),frozenset({'Watermelon seedless'}),0.011012804308402483,0.07010496235643238,0.0020442930153321977,0.18562874251497008,2.6478687995178416,0.0012722407838528854,1.1418564065182044
379,frozenset({'Watermelon seedless'}),frozenset({'Peaches Yellow'}),0.07010496235643238,0.011012804308402483,0.0020442930153321977,0.029160460923414597,2.6478687995178416,0.0012722407838528854,1.0186927456954147
380,frozenset({'Pear Packham'}),frozenset({'Potato sweet Gold'}),0.03493432983458812,0.029675221190306095,0.0021377150079683466,0.06119238634576058,2.062070100618158,0.0011010310429918346,1.0335714843989987
381,frozenset({'Potato sweet Gold'}),frozenset({'Pear Packham'}),0.029675221190306095,0.03493432983458812,0.0021377150079683466,0.07203703703703704,2.0620701006181577,0.0011010310429918346,1.0399829612638642
382,frozenset({'Pear Packham'}),frozenset({'Pumpkin Japanese/Kent'}),0.03493432983458812,0.040281365060174754,0.0023300544045721824,0.0666981280478213,1.655806051959351,0.0009228519113725841,1.028304628739671
383,frozenset({'Pumpkin Japanese/Kent'}),frozenset({'Pear Packham'}),0.040281365060174754,0.03493432983458812,0.0023300544045721824,0.05784447476125512,1.655806051959351,0.0009228519113725841,1.0243167336102619
384,frozenset({'Pear Packham'}),frozenset({'Watermelon seedless'}),0.03493432983458812,0.07010496235643238,0.002863109303731384,0.08195689790781814,1.1690598661351155,0.00041403942573039164,1.012909999023331
385,frozenset({'Watermelon seedless'}),frozenset({'Pear Packham'}),0.07010496235643238,0.03493432983458812,0.002863109303731384,0.04084032295994356,1.1690598661351155,0.00041403942573039164,1.0061574660264923
386,frozenset({'Pumpkin Japanese/Kent'}),frozenset({'Potato brushed'}),0.040281365060174754,0.031659064680991375,0.0021047425399791176,0.05225102319236017,1.6504285176729352,0.000829472198100419,1.0217272284278587
387,frozenset({'Potato brushed'}),frozenset({'Pumpkin Japanese/Kent'}),0.031659064680991375,0.040281365060174754,0.0021047425399791176,0.06648151362610658,1.650428517672935,0.000829472198100419,1.0280660200610512
388,frozenset({'Potato sweet Gold'}),frozenset({'Pumpkin Butternut'}),0.029675221190306095,0.022772984557894158,0.002016815958674507,0.06796296296296296,2.98436784999285,0.0013410226047555728,1.0484851745256054
389,frozenset({'Pumpkin Butternut'}),frozenset({'Potato sweet Gold'}),0.022772984557894158,0.029675221190306095,0.002016815958674507,0.08856177606177607,2.98436784999285,0.0013410226047555728,1.0646083885060555
390,frozenset({'Pumpkin Japanese/Kent'}),frozenset({'Potato sweet Gold'}),0.040281365060174754,0.029675221190306095,0.003813815464087487,0.09467939972714871,3.1905204385831945,0.0026184570460793337,1.0718023852735166
391,frozenset({'Potato sweet Gold'}),frozenset({'Pumpkin Japanese/Kent'}),0.029675221190306095,0.040281365060174754,0.003813815464087487,0.12851851851851853,3.190520438583195,0.0026184570460793337,1.1012496023533906
392,frozenset({'Watermelon seedless'}),frozenset({'Potato sweet Gold'}),0.07010496235643238,0.029675221190306095,0.002533384623839094,0.03613702281100572,1.2177507483182797,0.0004530043593738808,1.0067040666294134
393,frozenset({'Potato sweet Gold'}),frozenset({'Watermelon seedless'}),0.029675221190306095,0.07010496235643238,0.002533384623839094,0.08537037037037036,1.2177507483182797,0.0004530043593738808,1.0166902618496183
394,frozenset({'Watermelon seedless'}),frozenset({'Rockmelon'}),0.07010496235643238,0.010738033741825576,0.002819146013079079,0.04021321627341851,3.744932940263033,0.002066356561826296,1.0307101358669986
395,frozenset({'Rockmelon'}),frozenset({'Watermelon seedless'}),0.010738033741825576,0.07010496235643238,0.002819146013079079,0.2625383828045036,3.7449329402630336,0.002066356561826296,1.2609402522939148
396,frozenset({'peaches white'}),frozenset({'Watermelon seedless'}),0.012958179919766994,0.07010496235643238,0.0020607792493268122,0.15903307888040716,2.268499597387136,0.0011523465338436692,1.105745082583728
397,frozenset({'Watermelon seedless'}),frozenset({'peaches white'}),0.07010496235643238,0.012958179919766994,0.0020607792493268122,0.02939562593086149,2.2684995973871356,0.0011523465338436692,1.0169352688389222
398,"frozenset({'Pear Packham', 'Banana Cavendish'})",frozenset({'Apples Pink Lady'}),0.013881409023465406,0.03637412760345112,0.002346540638566797,0.1690419635787807,4.647313206289579,0.0018416164954315685,1.1596564810260517
399,"frozenset({'Pear Packham', 'Apples Pink Lady'})",frozenset({'Banana Cavendish'}),0.004176512611969006,0.20284112765840523,0.002346540638566797,0.5618421052631579,2.769862856458423,0.0014993721106754524,1.8193415705093456
400,"frozenset({'Apples Pink Lady', 'Banana Cavendish'})",frozenset({'Pear Packham'}),0.014595812496565368,0.03493432983458812,0.002346540638566797,0.16076807228915663,4.602008197964107,0.0018366457106079792,1.149939174499477
401,frozenset({'Pear Packham'}),"frozenset({'Apples Pink Lady', 'Banana Cavendish'})",0.03493432983458812,0.014595812496565368,0.002346540638566797,0.0671700487651408,4.602008197964108,0.0018366457106079792,1.056359935912198
402,frozenset({'Banana Cavendish'}),"frozenset({'Pear Packham', 'Apples Pink Lady'})",0.20284112765840523,0.004176512611969006,0.002346540638566797,0.0115683671534231,2.769862856458423,0.0014993721106754524,1.0074783670370466
403,frozenset({'Apples Pink Lady'}),"frozenset({'Pear Packham', 'Banana Cavendish'})",0.03637412760345112,0.013881409023465406,0.002346540638566797,0.0645112554766581,4.647313206289579,0.0018416164954315685,1.0541212780480755
404,"frozenset({'Field Tomatoes', 'Carrots 1kg'})",frozenset({'Banana Cavendish'}),0.0047150629224597465,0.20284112765840523,0.0020333021926691214,0.43123543123543123,2.12597630576011,0.0010768935124970506,1.4015621157153448
405,"frozenset({'Field Tomatoes', 'Banana Cavendish'})",frozenset({'Carrots 1kg'}),0.017535857558938286,0.0375666318623949,0.0020333021926691214,0.11595111250391728,3.0865453397217415,0.001374539087361092,1.0886653235473585
406,"frozenset({'Carrots 1kg', 'Banana Cavendish'})",frozenset({'Field Tomatoes'}),0.011908556355443205,0.06430180799032807,0.0020333021926691214,0.17074296262113522,2.65533688643432,0.0012675604884594114,1.1283572521340897
407,frozenset({'Field Tomatoes'}),"frozenset({'Carrots 1kg', 'Banana Cavendish'})",0.06430180799032807,0.011908556355443205,0.0020333021926691214,0.03162122895479019,2.65533688643432,0.0012675604884594114,1.0203563659063595
408,frozenset({'Carrots 1kg'}),"frozenset({'Field Tomatoes', 'Banana Cavendish'})",0.0375666318623949,0.017535857558938286,0.0020333021926691214,0.054125219426565244,3.0865453397217415,0.001374539087361092,1.0386830927508657
409,frozenset({'Banana Cavendish'}),"frozenset({'Field Tomatoes', 'Carrots 1kg'})",0.20284112765840523,0.0047150629224597465,0.0020333021926691214,0.01002411205331744,2.12597630576011,0.0010768935124970506,1.0053628065041758
410,"frozenset({'Field Tomatoes', 'Cucumber continental'})",frozenset({'Banana Cavendish'}),0.006825300873770402,0.20284112765840523,0.00224762323459911,0.32930756843800324,1.6234753387516851,0.0008631715087556232,1.1885610077410094
411,"frozenset({'Field Tomatoes', 'Banana Cavendish'})",frozenset({'Cucumber continental'}),0.017535857558938286,0.04525471231521679,0.00224762323459911,0.12817298652460044,2.832257238358414,0.001454043045568738,1.095108631560799
412,"frozenset({'Cucumber continental', 'Banana Cavendish'})",frozenset({'Field Tomatoes'}),0.012694400175853163,0.06430180799032807,0.00224762323459911,0.17705627705627705,2.7535194202145745,0.0014313503519390127,1.1370135841885018
413,frozenset({'Field Tomatoes'}),"frozenset({'Cucumber continental', 'Banana Cavendish'})",0.06430180799032807,0.012694400175853163,0.00224762323459911,0.034954277412187,2.753519420214575,0.0014313503519390127,1.0230661374019077
414,frozenset({'Cucumber continental'}),"frozenset({'Field Tomatoes', 'Banana Cavendish'})",0.04525471231521679,0.017535857558938286,0.00224762323459911,0.04966605950212508,2.8322572383584146,0.001454043045568738,1.0338093806545035
415,frozenset({'Banana Cavendish'}),"frozenset({'Field Tomatoes', 'Cucumber continental'})",0.20284112765840523,0.006825300873770402,0.00224762323459911,0.011080707648126575,1.6234753387516851,0.0008631715087556232,1.0043030880348545
416,"frozenset({'Cucumber continental', 'Lettuce Iceberg'})",frozenset({'Banana Cavendish'}),0.006610979831840413,0.20284112765840523,0.0020662746606583504,0.3125519534497091,1.5408707152134475,0.000725296056640867,1.1595914430797323
417,"frozenset({'Cucumber continental', 'Banana Cavendish'})",frozenset({'Lettuce Iceberg'}),0.012694400175853163,0.049392757047865034,0.0020662746606583504,0.16277056277056276,3.2954338348196823,0.0014392632369040598,1.1354202333089098
418,"frozenset({'Lettuce Iceberg', 'Banana Cavendish'})",frozenset({'Cucumber continental'}),0.012100895752047041,0.04525471231521679,0.0020662746606583504,0.17075386012715713,3.7731730330708904,0.0015186521046430326,1.1513412505377287
419,frozenset({'Cucumber continental'}),"frozenset({'Lettuce Iceberg', 'Banana Cavendish'})",0.04525471231521679,0.012100895752047041,0.0020662746606583504,0.04565877352762599,3.773173033070891,0.0015186521046430326,1.0351633952769936
420,frozenset({'Lettuce Iceberg'}),"frozenset({'Cucumber continental', 'Banana Cavendish'})",0.049392757047865034,0.012694400175853163,0.0020662746606583504,0.04183355585224744,3.2954338348196823,0.0014392632369040598,1.0304113714839098
421,frozenset({'Banana Cavendish'}),"frozenset({'Cucumber continental', 'Lettuce Iceberg'})",0.20284112765840523,0.006610979831840413,0.0020662746606583504,0.010186665221749614,1.5408707152134475,0.000725296056640867,1.0036124845607481
422,"frozenset({'Field Tomatoes', 'Watermelon seedless'})",frozenset({'Banana Cavendish'}),0.005154695828982799,0.20284112765840523,0.002286091113919877,0.443496801705757,2.1864244535882693,0.0012405067992329283,1.4324425713724445
423,"frozenset({'Field Tomatoes', 'Banana Cavendish'})",frozenset({'Watermelon seedless'}),0.017535857558938286,0.07010496235643238,0.002286091113919877,0.13036665622062052,1.8595924145540736,0.0010567404798627483,1.0692955189623872
424,"frozenset({'Watermelon seedless', 'Banana Cavendish'})",frozenset({'Field Tomatoes'}),0.01675001373852833,0.06430180799032807,0.002286091113919877,0.13648293963254593,2.122536580201212,0.0012090349466696711,1.0835896995613528
425,frozenset({'Field Tomatoes'}),"frozenset({'Watermelon seedless', 'Banana Cavendish'})",0.06430180799032807,0.01675001373852833,0.002286091113919877,0.035552516878899244,2.122536580201212,0.0012090349466696711,1.0194956215547613
426,frozenset({'Watermelon seedless'}),"frozenset({'Field Tomatoes', 'Banana Cavendish'})",0.07010496235643238,0.017535857558938286,0.002286091113919877,0.03260954769930235,1.8595924145540734,0.0010567404798627483,1.0155818057791608
427,frozenset({'Banana Cavendish'}),"frozenset({'Field Tomatoes', 'Watermelon seedless'})",0.20284112765840523,0.005154695828982799,0.002286091113919877,0.011270353011297446,2.186424453588269,0.0012405067992329283,1.0061853684684592
428,"frozenset({'Mandarin Imperial', 'Pear Packham'})",frozenset({'Banana Cavendish'}),0.003846787932076716,0.20284112765840523,0.0020937517173160412,0.5442857142857143,2.6833104339782565,0.0013134649153108554,1.749251444009769
429,"frozenset({'Mandarin Imperial', 'Banana Cavendish'})",frozenset({'Pear Packham'}),0.015238775622355333,0.03493432983458812,0.0020937517173160412,0.13739632167327803,3.932988619614032,0.001561395303449399,1.1187822338497857
430,"frozenset({'Pear Packham', 'Banana Cavendish'})",frozenset({'Mandarin Imperial'}),0.013881409023465406,0.04346320822113535,0.0020937517173160412,0.1508313539192399,3.4703226037026282,0.0014904211465264173,1.1264391310179076
431,frozenset({'Mandarin Imperial'}),"frozenset({'Pear Packham', 'Banana Cavendish'})",0.04346320822113535,0.013881409023465406,0.0020937517173160412,0.04817296750537363,3.4703226037026287,0.0014904211465264173,1.036027090333875
432,frozenset({'Pear Packham'}),"frozenset({'Mandarin Imperial', 'Banana Cavendish'})",0.03493432983458812,0.015238775622355333,0.0020937517173160412,0.059933931099575274,3.9329886196140325,0.001561395303449399,1.047544696012163
433,frozenset({'Banana Cavendish'}),"frozenset({'Mandarin Imperial', 'Pear Packham'})",0.20284112765840523,0.003846787932076716,0.0020937517173160412,0.010322126195443093,2.6833104339782565,0.0013134649153108554,1.0065428746410927
